able@(adj.4)¯à;¦³¯à¤Oªº,,,
"above@(adj.5)¤W¤åªº,«e­zªº",,,
adult@(adj.5)¦¨¦~ªº;¦¨¼ôªº;¦â±¡ªº,,,
afraid@(adj.6)®`©È,,,
all@(adj.3)©Ò¦³ªº;¥ş³¡,,,
alone@(adj.5)³æ¿Wªº;©t³æªº,,,
angry@(adj.5)¥Í®ğªº,,,
another@(adj.7)¥t¤@­Ó,,,
any@(adj.3)¥ô¦óªº,,,
back@(adj.4)«á­±ªº;©ì¤íªº;¹L¥hªº,,,
bad@(adj.3)Ãaªº,,,
basic@(adj.5)°ò¥»ªº,,,
beautiful@(adj.9)º}«Gªº,,,
best@(adj.4)³Ì¦nªº;³Ì¼ô½mªº;³Ì¾A·íªº,,,
better@(adj.6)¸û¨Îªº;§ó¦nªº;§ó¾A·íªº,,,
big@(adj.3)¤jªº,,,
black@(adj.5)¶Â¦âªº,,,
blue@(adj.4)ÂÅ¦âªº,,,
born@(adj.4)¥X¥Íªº;½Ï¥Íªº,,,
both@(adj.4)¨âªÌ,,,
"bottom@(adj.6)³Ì§Cªº;³Ì«áªº,³Ì¤Uªº",,,
brave@(adj.5)«i´±ªº,,,
bright@(adj.6)¥ú«Gªº,,,
brown@(adj.5)½Å¦âªº;´Ä¦âªº,,,
busy@(adj.4)¦£¸Lªº,,,
careful@(adj.7)¤p¤ßªº,,,
certain@(adj.7)ªÖ©wªº,,,
chief@(adj.5)¬°­ºªº;¥D­nªº,,,
clean@(adj.5)°®²bªº,,,
clear@(adj.5)²M·¡ªº;´¸®Ôªº,,,
close@(adj.5)ªñªº;±K¤Áªº,,,
cold@(adj.4)´H§Nªº,,,
common@(adj.6)±`¨£ªº,,,
cool@(adj.4)²D§Öªº;«Ü´Îªº;»Å,,,
correct@(adj.7)¥¿½Tªº,,,
cute@(adj.4)¥i·Rªº,,,
dark@(adj.4)¶Â·tªº,,,
dead@(adj.4)¦ºªº,,,
dear@(adj.4)¿Ë·Rªº,,,
deep@(adj.4)²`ªº,,,
different@(adj.9)¤£¦Pªº,,,
difficult@(adj.9)§xÃøªº,,,
direct@(adj.6)ª½±µªº,,,
dirty@(adj.5)»êÅ¼ªº,,,
"down@(adj.4)±¡ºü§C¸¨,®ø¨H;(¤À´Á¥I´Úªº)²Ä¤@´Áªº",,,
downstairs@(adj.10)¼Ó¤Uªº,,,
dry@(adj.3)°®ªº,,,
each@(adj.4)¨C­Ó,,,
early@(adj.5)¦­ªº;´£¦­ªº,,,
east@(adj.4)ªF¤èªº,,,
easy@(adj.4)®e©öªº,,,
eight@(adj.5)¤Kªº,,,
eighteen@(adj.8)¤Q¤Kªº,,,
eighty@(adj.6)¤K¤Qªº,,,
either@(adj.6)¨âªÌ¤§¤@,,,
eleven@(adj.6)¤Q¤@ªº,,,
English@(adj.7)­^®æÄõªº;­^°êªº;­^°ê¤Hªº;­^»yªº,,,
enough@(adj.6)¨¬°÷ªº,,,
equal@(adj.5)¬Ûµ¥ªº; ¥­µ¥ªº,,,
even@(adj.4)§¡¤Ãªº;°¸¼Æªº;¥­¤âªº,,,
every@(adj.5)¨C¤@­Óªº,,,
false@(adj.5)°²ªº,,,
far@(adj.3)»·ªº,,,
fast@(adj.4)§Öªº,,,
fat@(adj.3)­Dªº,,,
few@(adj.3)¤Ö¼Æªº;¤@¨Ç,,,
fifteen@(adj.7)¤Q¤­ªº,,,
fifty@(adj.5)¤­¤Qªº,,,
final@(adj.5)³Ì²×ªº,,,
fine@(adj.4)¦nªº,,,
first@(adj.5)²Ä¤@ªº,,,
five@(adj.4)¤­ªº,,,
"foreign@(adj.7)¥~°êªº,­¯¥Íªº,¥~¨Óªº",,,
forty@(adj.5)¥|¤Qªº,,,
four@(adj.4)¥|ªº,,,
fourteen@(adj.8)¤Q¥|ªº,,,
free@(adj.4)ªÅ¶¢ªº;¦Û¥Ñªº;§K¶Oªº,,,
fresh@(adj.5)·sÂAªº,,,
front@(adj.5)«e­±ªº;¥¿­±ªº,,,
full@(adj.4)¹¡ªº;º¡ªº,,,
funny@(adj.5)¥i¯ºªº;·Æ½]ªº,,,
general@(adj.7)´¶¹Mªº,,,
glad@(adj.4)°ª¿³ªº,,,
gold@(adj.4)ª÷»sªº,,,
good@(adj.4)¦nªº,,,
grand@(adj.5)¶¯°¶ªº;Á`ªº,,,
gray@(adj.4)¦Ç¦âªº,,,
great@(adj.5)«Ü´Î;¤jªº,,,
green@(adj.5)ºñ¦âªº,,,
grey@(adj.4)¦Ç¦âªº,,,
"half@(adj.4)¤@¥bªº,¤G¤À¤§¤@ªº;¤£§¹¾ãªº",,,
happy@(adj.5)§Ö¼Öªº,,,
hard@(adj.4)µwªº;Ãøªº,,,
heavy@(adj.5)­«ªº,,,
high@(adj.4)°ªªº,,,
home@(adj.4)®a®xªº;°ê¤ºªº,,,
hot@(adj.3)¼öªº,,,
huge@(adj.4)¥¨¤jªº,,,
human@(adj.5)¤HÃşªº,,,
hundred@(adj.7)¤@¦Êªº,,,
hungry@(adj.6)°§¾jªº,,,
important@(adj.9)­«­nªº,,,
in@(adj.2)¦b¸Ì­±ªº,,,
"inside@(adj.6)¸Ì­±ªº,¤º°¼ªº;¤º¹õªº",,,
iron@(adj.4)ÅKªº;­è±jªº;´İ»Åªº,,,
just@(adj.4)¥¿ª½ªº;¤½¥­ªº;À³±oªº;¥¿½Tªº,,,
"key@(adj.3)­«­nªº,°ò¥»ªº,ÃöÁäªº",,,
kind@(adj.4)¤¯·Oªº,,,
large@(adj.5)¤jªº,,,
last@(adj.4)³Ì«áªº,,,
late@(adj.4)±ßªº;¿ğªº,,,
lazy@(adj.4)Ãi´kªº,,,
least@(adj.5)³Ì¤pªº;³Ì¤Öªº;³Ì¤£­«­nªº,,,
left@(adj.4)¥ªÃäªº,,,
less@(adj.4)¸û¤Öªº,,,
"level@(adj.5)¤ô¥­ªº,¥­ªº;µ§ª½ªº",,,
light@(adj.5)»´ªº,,,
likely@(adj.6)¦³¥i¯àªº,,,
little@(adj.6)«Ü¤Öªº,,,
"live@(adj.4)¬¡ªº,¦³¥Í©Rªº;¿UµÛªº;¹êªp¼½°eªº",,,
long@(adj.4)ªøªº,,,
loud@(adj.4)¤jÁnªº,,,
low@(adj.3)§Cªº;¸Gªº,,,
lucky@(adj.5)©¯¹Bªº,,,
mad@(adj.3)µo¤õ;µoºÆ;µo¨gªº,,,
many@(adj.4)«Ü¦hªº,,,
mean@(adj.4)¥ûªº;§[¶Şªº,,,
middle@(adj.6)¤¤¶¡ªº,,,
more@(adj.4)§ó¦hªº,,,
most@(adj.4)³Ì¦hªº;¤j³¡¤Àªº,,,
much@(adj.4)«Ü¦hªº,,,
near@(adj.4)ªñªº,,,
new@(adj.3)·sªº,,,
next@(adj.4)¤U¤@­Ó,,,
nice@(adj.4)¦nªº,,,
nine@(adj.4)¤Eªº,,,
nineteen@(adj.8)¤Q¤Eªº,,,
ninety@(adj.6)¤E¤Qªº,,,
no@(adj.2)¨S¦³;¤£,,,
noisy@(adj.5)³Ù¾xªº,,,
north@(adj.5)¥_¤èªº,,,
O.K.@(adj.4)¥i¥Hªº;¤£¿ùªº;«Ü¦nªº,,,
off@(adj.3)Â÷¥hªº;°¾Â÷ªº;¥ğ°²ªº;ÃöµÛªº,,,
OK@(adj.2)¦n§a,,,
okay@(adj.4)¹ï;¥i¥H;¤£¿ù,,,
old@(adj.3)¦~¦Ñªº,,,
one@(adj.3)¤@­Óªº,,,
open@(adj.4)¥´¶}ªº;ªÅÃmªº;¥¼©wªº;Àç·~ªº;¤½¶}ªº,,,
orange@(adj.6)¾í¦âªº,,,
other@(adj.5)¨ä¥Lªº,,,
out@(adj.3)¦b¥~ªº,,,
"outside@(adj.7)¥~Ãäªº,¥~³¡ªº",,,
own@(adj.3)¦Û¤vªº,,,
past@(adj.4)¹L¥hªº,,,
poor@(adj.4)³h½aªº,,,
possible@(adj.8)¥i¯àªº,,,
pretty@(adj.6)º}«Gªº,,,
public@(adj.6)¤½¶}ªº;¤½¥ßªº,,,
purple@(adj.6)µµ¦âªº,,,
quick@(adj.5)§Öªº,,,
quiet@(adj.5)¦wÀRªº,,,
ready@(adj.5)·Ç³Æ¦nªº,,,
real@(adj.4)¯u¹êªº,,,
red@(adj.3)¬õ¦âªº,,,
rich@(adj.4)´I¦³ªº,,,
right@(adj.5)¥kÃä;¹ïªº,,,
round@(adj.5)¶ê§Îªº,,,
sad@(adj.3)Ãø¹Lªº,,,
safe@(adj.4)¦w¥şªº,,,
"salt@(adj.4)ÄĞ¤ôªº;§tÆQªº;(¬G¨Æ,¯º¸Üµ¥)µTÁ¶ªº",,,
same@(adj.4)¬Û¦Pªº,,,
"second@(adj.6)²Ä¤Gªº;¦¸­nªº,°Æªº,±qÄİªº",,,
selfish@(adj.7)¦Û¨pªº,,,
seven@(adj.5)¤Cªº,,,
seventeen@(adj.9)¤Q¤Cªº,,,
seventy@(adj.7)¤C¤Qªº,,,
several@(adj.7)´X­Óªº,,,
sharp@(adj.5)¦y¾Uªº;±Ó¾Uªº,,,
short@(adj.5)¸Gªº;µuªº,,,
shy@(adj.3)®`²Ûªº,,,
sick@(adj.4)¥Í¯fªº,,,
silly@(adj.5)¶Ìªº;µL²áªº,,,
silver@(adj.6)»Èªº;»È¥Õªº,,,
simple@(adj.6)Â²³æªº,,,
six@(adj.3)¤»ªº,,,
sixteen@(adj.7)¤Q¤»ªº,,,
sixty@(adj.5)¤»¤Qªº,,,
slow@(adj.4)½wºCªº,,,
small@(adj.5)¤pªº,,,
smart@(adj.5)Áo©úªº,,,
soft@(adj.4)¬X³nªº,,,
some@(adj.4)¤@¨Çªº,,,
sorry@(adj.5)©êºp;¿ò¾Ñªº,,,
"sound@(adj.5)§¹¦nªº;°í©Tªº;¦X²zªº,©ú´¼ªº;®ï¹êªº",,,
sour@(adj.4)»Äªº,,,
south@(adj.5)«n¤èªº,,,
special@(adj.7)¯S§Oªº,,,
still@(adj.5)ÀR¤îªº,,,
strange@(adj.7)©_©Çªº,,,
strong@(adj.6)±j§§ªº,,,
stupid@(adj.6)²Âªº,,,
such@(adj.4)¦p¦¹ªº,,,
super@(adj.5)¶W¯Åªº,,,
sure@(adj.4)½T©w,,,
sweet@(adj.5)²¢ªº,,,
tall@(adj.4)°ªªº,,,
ten@(adj.3)¤Qªº,,,
that@(adj.4)¨º;¨º­Ó,,,
then@(adj.4)·í®Éªº,,,
these@(adj.5)³o¨Ç (this ªº½Æ¼Æ),,,
third@(adj.5)²Ä¤T,,,
thirteen@(adj.8)¤Q¤Tªº,,,
thirty@(adj.6)¤T¤Qªº,,,
this@(adj.4)³o,,,
those@(adj.5)¨º¨Çªº;¨º,,,
thousand@(adj.8)¤dªº,,,
three@(adj.5)¤Tªº,,,
tiny@(adj.4)·L¤pªº,,,
top@(adj.3)³Ì°ªªº,,,
total@(adj.5)Á`ªº,,,
true@(adj.4)¯u¹êªº;¥¿½Tªº,,,
twelve@(adj.6)¤Q¤Gªº,,,
twenty@(adj.6)¤G¤Qªº,,,
two@(adj.3)¤Gªº,,,
up@(adj.2)¦V¤Wªº;¤W¦æªº,,,
upstairs@(adj.8)¼Ó¤Wªº,,,
useful@(adj.6)¦³¥Îªº,,,
warm@(adj.4)·Å·xªº,,,
weak@(adj.4)µê®zªº,,,
welcome@(adj.7)¨üÅwªïªº;¥O¤H´r§Öªº;³Q¤¹³\ªº,,,
well@(adj.4)°·±dªº,,,
west@(adj.4)¦è¤èªº,,,
"what@(adj.4)¤°»ò;¦h»ò,¦óµ¥",,,
"which@(adj.5)­ş¤@­Ó,­ş¤@¨Ç;³o­Ó,³o¨Ç",,,
white@(adj.5)¥Õ¦âªº,,,
whole@(adj.5)§¹¾ãªº,,,
"wide@(adj.4)¼eªº,¼sªxªº",,,
"worse@(adj.5)§óÃaªº,§ó®tªº",,,
worst@(adj.5)³ÌÃaªº;³Ì®tªº,,,
wrong@(adj.5)¿ù»~ªº,,,
yellow@(adj.6)¶À¦âªº,,,
young@(adj.5)¦~»´ªº,,,
yucky@(adj.5)°Q¤H¹½ªº;äú¤ßªº,,,
yummy@(adj.5)¦n¦Yªº,,,
act@(v.3)§êºt,,,
add@(v.3)²K¥[,,,
address@(v.7)¼g¤W¦¬¥ó¤H©m¦W¦a§};¦V...­Pµü,,,
age@(v.3)¨ÏÅÜ¦Ñ;¨Ï(°s¤§)¨ı¹DÅÜ¾J;¨Ï¦¨¼ô,,,
agree@(v.5)¦P·N,,,
allow@(v.5)¤¹³\,,,
"am@(v.2)¬O,¦b; be °Êµü²Ä¤@¤HºÙ,³æ¼Æ,²{¦b¦¡",,,
answer@(v.6)¦^µª,,,
ape@(v.3)¼Ò¥é,,,
appear@(v.6)¥X²{,,,
"are@(v.3)¬O,¦b; be °Êµü²Ä¤@¡B²Ä¤T¤HºÙ, ½Æ¼Æ, ²{¦b¦¡; ²Ä¤G¦¸¤H³æ¡B½Æ¼Æ, ²{¦b¦¡",,,
ask@(v.3)°İ,,,
back@(v.4)¦V«á;°l·¹;¦^ÂĞ;ÃÙ§U,,,
ball@(v.4)¨Ï¦¨²y§Î; §e²yª¬,,,
balloon@(v.7)¹³®ğ²y¯ë¹ª°_(©Î¿±µÈ);­¼®ğ²y¤W¤É;¿E¼W,,,
bank@(v.4)¦s(´Ú)©ó»È¦æ;¿v³ö¨¾Å@;°ï¿n,,,
bar@(v.3)­¬¦í;ªıÄd;¸T¤î,,,
base@(v.4)¥H...¬°°ò¦a,,,
bat@(v.3)´§¥´;¯w(²´),,,
bathe@(v.5)¬~¾ş,,,
be@(v.2)¬O;­n;¦³;¦b,,,
beach@(v.5)±N(²îµ¥)©ì¤W©¤,,,
beat@(v.4)À»±Ñ;ºVÀ»,,,
become@(v.6)ÅÜ¦¨,,,
begin@(v.5)¶}©l,,,
believe@(v.7)¬Û«H,,,
belong@(v.6)Äİ©ó,,,
best@(v.4)¥´±Ñ;³Ó¹L,,,
better@(v.6)§ïµ½;´£°ª;¶W¹L;ÅÜ±o¸û¦n,,,
bite@(v.4)«r,,,
block@(v.5)ªı¶ë,,,
blow@(v.4)§j,,,
book@(v.4)¹w­q;¹w¶±;¹w¬ù;µn°O,,,
"bottom@(v.6)°ò©ó,®Ú¾Ú;¨ì¹F©³³¡;­°¦Ü³Ì§CÂI",,,
box@(v.3)§â...¸Ë½c(©Î²°µ¥),,,
break@(v.5)Â_µõ;¤¤Â_;¥´¯}¡]°O¿ı¡^,,,
breakfast@(v.9)¦Y¦­À\; ¬°...¨ÑÀ³¦­À\,,,
bridge@(v.6)¬[¾ô©ó;§â...³sµ²(©ÎÀ±¦X)°_¨Ó,,,
bring@(v.5)±a¨Ó,,,
brown@(v.5)ÅÜ¦¨½Å¦â(©Î´Ä¦â),,,
bug@(v.3)¦b...¦w¸ËÅÑÅ¥¾¹;·ĞÂZ;¿E«ã,,,
build@(v.5)«Ø³y;»\,,,
bus@(v.3)¥Î¤½¨®¹B°e,,,
busy@(v.4)¨Ï¦£©ó,,,
butter@(v.6)¶î¥¤ªo©ó;¥Hªá¨¥¥©»y°Q¦n,,,
buy@(v.3)¶R,,,
cage@(v.4)§â...Ãö¶iÅ¢¤l;§â...¥}¸T°_¨Ó,,,
call@(v.4)³Û;¥´¹q¸Ü,,,
camp@(v.4)ÅSÀç,,,
"can@(v.3)¯à,·|;¥i¯à;¥i¥H;¥²¶·",,,
cap@(v.3)µ¹...À¹´U;¥[»\©ó,,,
care@(v.4)Ãö¤ß;·ÓÅU,,,
carry@(v.5)´£;·h¹B,,,
case@(v.4)§â...¸Ë¤J½c(©Î®e¾¹)¤¤,,,
catch@(v.5)±µ(²y);®·Àò,,,
"cause@(v.5)¾É­P,¨Ïµo¥Í,¤Ş°_",,,
center@(v.6)¶°¤¤;©~¤¤,,,
chair@(v.5)¥D«ù(·|Ä³);¥ô(·|Ä³ªº)¥D®u,,,
chance@(v.6)«_...ªºÀI;½ä(¿ú); ¸I¥©,,,
chart@(v.5)Ã¸»s...ªº¹Ïªí;¸Ô²Ó­p¹º,,,
chase@(v.5)°l,,,
check@(v.5)ÀË¬d,,,
class@(v.5)§â...¤ÀÃş;§â...¤Àµ¥¯Å,,,
clean@(v.5)¥´±½,,,
clear@(v.5)¨Ï°®²b;¦¬¬B;¥æ´«²¼¾Ú,,,
climb@(v.5)ª¦;Ãkµn,,,
close@(v.5)Ãö¤W,,,
cloud@(v.5)³±¶³±K§G;ÅÜ·t;ÅÜ¼Ò½k;ÅÜ²V¿B,,,
coat@(v.4)¶î¦b...¤W;µ¹...¬ï¤W¥~®M,,,
color@(v.5)µÛ¦â;´è¬V;¤å¹¢;¬n¦±;¼vÅT,,,
come@(v.4)¨ì¨Ó,,,
continue@(v.8)Ä~Äò,,,
cook@(v.4)µN,,,
cool@(v.4)¨Ï²D§Ö;¨Ï§N«o,,,
correct@(v.7)§ï¥¿;ªÈ¥¿,,,
cost@(v.4)ªá¶O,,,
count@(v.5)­pºâ;¼Æ,,,
course@(v.6)(¥ÎÂy¤ü)°lÂy;°l³v,,,
cover@(v.5)»\¦í,,,
cry@(v.3)­ú¥s,,,
cup@(v.3)¨Ï(¤â´x)¦¨ªMª¬;§â...©ñ¤JªM¤º,,,
cut@(v.3)¤Á³Î;°Å,,,
dance@(v.5)¸õ»R,,,
darken@(v.6)¨ÏÅÜ·t;ÅÜ¶Â,,,
date@(v.4)¬ù·|,,,
deal@(v.4)³B²z;¹ï¥I;¹ï«İ[(+with)],,,
decide@(v.6)¨M©w,,,
die@(v.3)¦º,,,
dig@(v.3)«õ±¸,,,
direct@(v.6)«ü¤Ş,,,
dirty@(v.5)§ËÅ¼; ÅÜÅ¼,,,
discover@(v.8)µo²{,,,
dish@(v.4)²±...©ó½L¤¤,,,
do@(v.2)°µ,,,
down@(v.4)À»­Ë,,,
draw@(v.4)µe;Ã¸»s;´y¼g,,,
dream@(v.5)°µ(¹Ú);·Q¹³,,,
drink@(v.5)³Ü,,,
drive@(v.5)¶}¨®,,,
dry@(v.3)ÅÎ°®;­·°®,,,
duck@(v.4)¸úÁ×;°jÁ×,,,
ease@(v.4)´î»´,,,
eat@(v.3)¦Y,,,
edge@(v.4)¨Ï¾W§Q;¨Ïº¥¶i,,,
end@(v.3)µ²§ô,,,
enter@(v.5)¿é¤J;¶i¤J,,,
equal@(v.5)µ¥©ó,,,
even@(v.4)¨Ï¥­©Z;§Ë¥­;¨Ï¬Ûµ¥,,,
examine@(v.7)ÀË¬d;´úÅç,,,
except@(v.6)§â...°£¥~;¤Ï¹ï,,,
eye@(v.3)¬İ;ª`µø;¼fµø,,,
face@(v.4)­±¦V;¥¿¹ï;¥¿µø;´Â;¦V,,,
fall@(v.4)±¼¤U,,,
fan@(v.3)®°;º´°Ê;¿E°_,,,
farm@(v.4)¯Ñ§@;¾i´Ş;¸gÀç¹A³õ;±q¨Æ¯bªª·~,,,
father@(v.6)°µ...ªº¤÷¿Ë; ³Ğ©l;³Ğ¥ß,,,
fear@(v.4)¬ÈÄß,,,
feed@(v.4)¦Y;Áı¾i,,,
feel@(v.4)·PÄ±,,,
fight@(v.5)¥´¬[;§@¾Ô,,,
fill@(v.4)¥Rº¡;¶ñ¥R,,,
find@(v.4)§ä¨ì,,,
fine@(v.4)¨Ï¯Â;¼á²M;¨Ïºë²Ó,,,
finger@(v.6)¼·§Ë;«ü¥X;§i±K;§iµo,,,
finish@(v.6)§¹¦¨,,,
"fire@(v.4)¸Ñ¶±,¶}°£;ÂI¿U; ¶}¤õ;®gÀ»",,,
fish@(v.4)³¨³½,,,
floor@(v.5)¦b...¾Q³]¦aªO;¨Ï¤j¬°¾_Åå,,,
"flower@(v.6)¶}ªá;µo¨|,¦¨¼ô;Ácºa",,,
fly@(v.3)­¸,,,
fog@(v.3)¥HÃúÅ¢¸n;¨Ï§x´b;¨Ï¼Ò½k,,,
follow@(v.6)¿í´`;¸òÀH,,,
"foot@(v.4)¤ä¥I(±b³æ©Î¶O¥Î);¦X­p¬°,Á`­p",,,
force@(v.5)±j­¢,,,
forget@(v.6)§Ñ°O,,,
"fork@(v.4)¤Àª[,¤À¤e",,,
free@(v.4)¨Ï¦Û¥Ñ;¸Ñ©ñ;¨Ï¸Ñ²æ,,,
front@(v.5)¦V«e;¦b«e­±;­±¹ï,,,
fruit@(v.5)µ²ªG¹ê; ¨Ïµ²ªG¹ê,,,
"garden@(v.6)±q¨Æ¶éÃÀ,¦b¶é¤¤ºØ´Ó;",,,
gas@(v.3)©ñ¥X®ğÅé;¥[ªo;ªÅ½Í;§j¤û,,,
get@(v.3)±o¨ì;®³¨ì,,,
give@(v.4)µ¹,,,
go@(v.2)¥h;¨«,,,
gray@(v.4)¨Ï¦¨¦Ç¦â(©Î¦Ç¥Õ),,,
green@(v.5)¨Ï¦¨¬°ºñ¦â,,,
grey@(v.4)¨Ï¦¨¦Ç¦â,,,
"ground@(v.6)¨ÏÀÁ²L;¨Ï°±­¸;¨Ì¾a,®Ú¾Ú,°ò©ó",,,
group@(v.5)§â...¤À²Õ(©ÎÂkÃş),,,
grow@(v.4)ºØ´Ó;¦¨ªø,,,
guess@(v.5)²q,,,
"guest@(v.5)´Ú«İ,©Û«İ",,,
guide@(v.5)¤Ş¾É,,,
gun@(v.3)¥Îºj®gÀ»,,,
"hand@(v.4)­±¥æ,µ¹,¶Ç»¼",,,
happen@(v.6)µo¥Í,,,
hate@(v.4)¼¨«ë,,,
have@(v.4)¦³,,,
"head@(v.4)²v»â;¥Xµo,¾p©¹",,,
hear@(v.4)Å¥¨£,,,
heat@(v.4)§â...¥[¼ö;¨Ï·x;¨Ï¿E°Ê;¨ë¿E,,,
help@(v.4)À°¦£,,,
hit@(v.3)¥´;À»,,,
hold@(v.4)®³µÛ,,,
"hole@(v.4)Æw¬}©ó,¬ï¤Õ©ó;¶i¤J¬}¤¤",,,
home@(v.4)¦^®a;¬°...´£¨Ñ¦í³B,,,
hope@(v.4)§Æ±æ,,,
house@(v.5)µ¹...©Ğ¤l¦í,,,
hurt@(v.4)¶Ë®`;¨Ï¯kµh,,,
inch@(v.4)¨Ï½wºC¦a²¾°Ê,,,
interest@(v.8)¨Ïµo¥Í¿³½ì,,,
iron@(v.4)¼÷¿S,,,
"is@(v.2)¬O,¦b; be °Êµü²Ä¤T¤HºÙ,³æ¼Æ,²{¦b¦¡",,,
join@(v.4)¥[¤J,,,
joke@(v.4)¶}ª±¯º,,,
jump@(v.4)¸õÅD,,,
keep@(v.4)«O¯d;«O«ù,,,
key@(v.3)Âê¤W;´¡¤W;¬°...½Õ­µ;¥ÎÁä½L¿é¤J,,,
kick@(v.4)½ğ,,,
kid@(v.3)À¸§Ë,,,
kill@(v.4)±ş,,,
kiss@(v.4)¿Ë§k,,,
knee@(v.4)¥Î½¥»\¸I(¼²),,,
"knife@(v.5)(¥Î¤M)¤Á;¼®,¨ë",,,
know@(v.4)ª¾¹D,,,
lack@(v.4)¯Ê¥F,,,
lamb@(v.4)²£¯Ì¦Ï,,,
land@(v.4)µn³°,,,
last@(v.4)«ùÄò,,,
laugh@(v.5)¯º,,,
lay@(v.3)¸m©ñ;²£§Z,,,
lead@(v.4)¤Ş¾É,,,
leaf@(v.4)¥^¥^Â½¾\; ¥Í¸­¤ù,,,
learn@(v.5)¾Ç²ß,,,
leave@(v.5)Â÷¶};¥á¤U,,,
let@(v.3)Åı,,,
lie@(v.3)»¡ÁÀ;½ö,,,
lift@(v.4)Á|°_,,,
light@(v.5)ÂI(¤õ);ÂI¿U;·Ó«G,,,
like@(v.4)³ßÅw,,,
line@(v.4)±Æ¶¤,,,
list@(v.4)¦C¦¨ªí,,,
listen@(v.6)¶ÉÅ¥,,,
live@(v.4)©~¦í,,,
long@(v.4)ªø¤[¦a;©l²×; ´÷±æ,,,
look@(v.4)¬İ,,,
"love@(v.4)·R¦n,³ßÅw",,,
lunch@(v.5)¦Y¤ÈÀ\,,,
machine@(v.7)¥Î¾÷¾¹°µ,,,
mail@(v.4)±H«H,,,
make@(v.4)»s³y; ¨Ï±o,,,
man@(v.3)µ¹...°t¸m¤H­û,,,
map@(v.3)Ã¸»s...ªº¦a¹Ï;¸Ô²Ó­p¹º,,,
market@(v.6)(¦b¥«³õ¤W)¾P°â,,,
marry@(v.5)µ²±B,,,
master@(v.6)ºë³q,,,
"matter@(v.6)¦³Ãö«Y,­nºò",,,
mean@(v.4)·N«ü,,,
meet@(v.4)¹J¨£,,,
middle@(v.6)©ñ¦b¤¤¶¡;¹ïºP,,,
milk@(v.4)À½(¥¤);º^¨ú;°½Å¥¹q°T,,,
mind@(v.4)¤¶·N,,,
miss@(v.4)·Q©À;±}°O;¥¼¹F¨ì,,,
"mistake@(v.7)§Ë¿ù,»~¸Ñ;§Ë¿ù,·d¿ù",,,
mother@(v.6)¥Í¤U;²£¥Í¥X,,,
mouth@(v.5)¸Ø¤j¦a»¡¸Ü,,,
move@(v.4)²¾°Ê,,,
name@(v.4)µ¹...¨ú¦W;¦CÁ|,,,
"near@(v.4)ªñ,±µªñ;´X¥G,®t¤£¦h",,,
neck@(v.4)ºOµÛ²ä¤l¿Ë§k;ÅÜ²Ó;ÅÜ¯U¯¶,,,
need@(v.4)»İ­n,,,
"nose@(v.4)±´°İ,±´µÛ;¤Ş¾É;¶å,»D",,,
note@(v.4)ª`·N;°O¤U,,,
notice@(v.6)ª`·N¨ì;³qª¾,,,
"number@(v.6)½s¸¹,Á`¼Æ¹F¨ì,¦@­p",,,
"nurse@(v.5)¬İÅ@,Å@²z;µ¹...Áı¥¤;°ö¨|;·í¥¤¶ı",,,
O.K.@(v.4)©|¥i;®¼¦n;§å­ã,,,
oil@(v.3)µ¹...¥[¼í·Æªo;¸ì¸ï,,,
OK@(v.2)©|¥i;®¼¦n;§å­ã,,,
"okay@(v.4)¹ï,«Ü¦n¦a;§å­ã,»{¥i",,,
open@(v.4)¥´¶},,,
order@(v.5)ÂIµæ;­qÁÊ,,,
out@(v.3)¥X²{;°İ¥@;ÅãÅS,,,
own@(v.3)¾Ö¦³,,,
paint@(v.5)µe¹Ï;ªoº£,,,
"pair@(v.4)¦¨¹ï,°t¹ï",,,
"paper@(v.5)¥Î¯È¥];±»»\,¯»¹¢",,,
park@(v.4)°±©ñ¨®½ø; ©ñ¸m,,,
"part@(v.4)¨Ï¤À¶},¨Ï¤ÀÂ÷;Â_µõ;§i§O",,,
party@(v.5)¶}¬£¹ï;°Ñ¥[¬£¹ï,,,
pass@(v.4)¤Î®æ;¸g¹L;¶W¹L;¶Ç»¼,,,
pay@(v.3)¥I¿ú,,,
pen@(v.3)¼g;¼g§@;¥}¸T,,,
"pencil@(v.6)¯óÀÀ,°_¯ó",,,
"people@(v.6)¨Ï¤H¦í¦b,©~¦í©ó",,,
pet@(v.3)§â...·í§@Ãd¨à;Ãd·R;¼¾§Ë;¥Í®ğ,,,
"picture@(v.7)µe,©çÄá;´y­z",,,
piece@(v.5)«÷´ê;«÷¦X;­×²z;­×¸É,,,
pig@(v.3)¥Í¤p½Ş;¹³½Ş¤@¼Ë¹L¬¡,,,
"place@(v.5)©ñ¸m,¦w¸m;¥ô©R",,,
plan@(v.4)­p¹º,,,
plant@(v.5)®âºØ;¼½ºØ,,,
play@(v.4)ª±,,,
please@(v.6)½Ğ;¨ú®®,,,
pocket@(v.6)«I§];À»(²y)¸¨³U;§Ô¨ü,,,
point@(v.5)ºË·Ç;«ü¥X;±j½Õ;¹ï·Ç,,,
"police@(v.6)ºŞ²z,ºÊ·ş",,,
"pool@(v.4)¦X¿ì,ÁpÀç",,,
position@(v.8)§â...©ñ¦b¾A·í¦ì¸m,,,
power@(v.5)µ¹...´£¨Ñ°Ê¤O; §Ö³t«e¶i,,,
practice@(v.8)½m²ß;°V½m,,,
prepare@(v.7)·Ç³Æ,,,
price@(v.5)µ¹...©w»ù,,,
print@(v.5)¦L¨ê;¥Î¦L¨êÅé¼g,,,
"prove@(v.5)ÃÒ©ú,ÃÒ¹ê",,,
pull@(v.4)©Ô,,,
push@(v.4)±À¶},,,
put@(v.3)©ñ¸m,,,
question@(v.8)¸ß°İ,,,
"quiet@(v.5)¨Ï¦wÀR;¼¾¼¢,¦w¼¢",,,
race@(v.4)»P...ÁÉ¶],,,
radio@(v.5)¥ÎµL½u¹q¶Ç°e,,,
rain@(v.4)¤U«B,,,
raise@(v.5)Á|°_;´£°ª,,,
reach@(v.5)¨ì;¦ù¥X,,,
read@(v.4)¾\Åª,,,
"ready@(v.5)¹w¥ı,¨Æ¥ı;¨Ï·Ç³Æ¦n",,,
"reason@(v.6)±À½×,±À²z",,,
receive@(v.7)¦¬¨ì,,,
remember@(v.8)°O±o,,,
report@(v.6)³ø§i;³ø¾É,,,
rest@(v.4)¥ğ®§,,,
return@(v.6)¦^;ÁÙ,,,
ride@(v.4)ÃM;­¼,,,
"ring@(v.4)(ÄÁ,¹aµ¥)»ï,ÅT",,,
rise@(v.4)°_¨­;¤É°_,,,
roll@(v.4)±²;ºu,,,
"roof@(v.4)µ¹...»\«Î³»,ÂĞ»\",,,
room@(v.4)©~¦í; ¬°...´£¨Ñ¦í³B,,,
root@(v.4)¨Ï¥Í®Ú;¨Ï²Ï®Ú,,,
"rope@(v.4)®¹,²Ï,¿£,¸j",,,
"round@(v.5)ÅÜ¶ê;µo­D;°Â°é¤l,Àô¦æ",,,
row@(v.3)¦E²î,,,
rub@(v.3)¿iÀ¿,,,
rule@(v.4)²Îªv;µô¨M,,,
run@(v.3)¶],,,
sail@(v.4)¯è¦æ,,,
salt@(v.4)µ¹...¥[ÆQ;¥ÎÆQ¾M,,,
sand@(v.4)¿i¥ú;¥H¨F°ô¶ë,,,
save@(v.4)±Ï;¬Ù;¦s¿ú,,,
saw@(v.3)¿÷;¿÷¶},,,
say@(v.3)»¡,,,
"scare@(v.5)ÅåÀ~,¨Ï®£Äß",,,
"school@(v.6)±Ğ¨|,°V½m",,,
seat@(v.4)¨Ï´N®y,,,
see@(v.3)¬İ¨£,,,
"seed@(v.4)(´Óª«)µ²¹ê,µ²¤l;¼½ºØ",,,
seem@(v.4)¦ü¥G¬O,,,
seesaw@(v.6)ª±ÃßÃßªO;¤W¤U(¨Ó¦^)·n°Ê,,,
sell@(v.4)½æ,,,
send@(v.4)±Hµo;°e,,,
"sense@(v.5)·NÃÑ¨ì;¤F¸Ñ,»â·|",,,
sentence@(v.8)«Å§P;§P¨M,,,
serve@(v.5)ªA°È,,,
"service@(v.7)ºû­×,«O¾i",,,
set@(v.3)¦w©ñ;¨S¤J,,,
shake@(v.5)·n°Ê;´¤(¤â),,,
"shape@(v.5)¨Ï¦¨§Î;¶ì³y,»s§@",,,
shine@(v.5)·ÓÄ£,,,
"ship@(v.4)¥Î²î¹B;¶l±H;¸Ñ¶±;¤W²î,­¼²î",,,
shop@(v.4)ÁÊª«,,,
"shoulder@(v.8)ªÓ°_,¬D°_;¾á­t,©Ó¾á",,,
shout@(v.5)©I¥s,,,
show@(v.4)ªíºt;Åã¥Ü,,,
shut@(v.4)Ãö³¬,,,
"sight@(v.5)¬İ¨£,µo²{;ºË·Ç;¹î¬İ",,,
sing@(v.4)°Ûºq,,,
sit@(v.3)§¤,,,
size@(v.4)«ö¤@©w¤Ø¤o»s§@;¦ôºâ,,,
skin@(v.4)´Ó¥Ö;Â¡¦X;²æ¥Ö,,,
sleep@(v.5)ºÎÄ±,,,
"slow@(v.4)¨ÏºC,©ñºC",,,
smell@(v.5)»D,,,
smile@(v.5)·L¯º,,,
smoke@(v.5)©â·Ï;«_·Ï,,,
snake@(v.5)³D¦æ,,,
snow@(v.4)¤U³·,,,
soap@(v.4)¥ÎªÎ¨mÀ¿¬~;¦V...Äé°g»î´ö,,,
soil@(v.4)§ËÅ¼,,,
sound@(v.5)Å¥°_¨Ó,,,
sour@(v.4)¨ÏÅÜ»Ä;¹½·Ğ;ÅÜÃa,,,
space@(v.5)¹j¶},,,
speak@(v.5)»¡;Á¿,,,
spell@(v.5)«÷¦r,,,
spend@(v.5)ªá¶O(¿ú©Î®É¶¡),,,
spoon@(v.5)¥Î°Í¯æ;¯æ¨ú,,,
"sport@(v.5)¬¯Ä£;¸Ø¥Ü;¹CÀ¸,;¶}ª±¯º,¼J§Ë;¬ğÅÜ",,,
stand@(v.5)¯¸¦í; °í«ù; ­±¹ï; ©Ó¾á...¥ô°È,,,
star@(v.4)¥Dºt;ªí²{¥X¦â,,,
start@(v.5)¶}©l,,,
state@(v.5)³¯­z,,,
"station@(v.7)¾n²Ï,³¡¸p,°t¸m",,,
stay@(v.4)°±¯d,,,
step@(v.4)¸ó(¨B);½ñ(¸}),,,
stone@(v.5)¥Î¥ÛÀY¾Q;¥Î¿i¤M¥Û¿i,,,
stop@(v.4)°±¤î,,,
store@(v.5)¶J¦s;¦¬¦s;¨ÑÀ³;»W¦³,,,
study@(v.5)¾Ç²ß;Åª®Ñ,,,
sugar@(v.5)¥[¿}©ó;¯»¹¢,,,
"sun@(v.3)ÅÎ,Ãn; ÅÎ¤Ó¶§",,,
surprise@(v.8)¨ÏÅå©_,,,
swim@(v.4)´åªa,,,
"tail@(v.4)§ÀÀH;¨n±é;ÅÜ¤Ö,ÁY¤p",,,
take@(v.4)®³;±a;±Ä¥Î,,,
talk@(v.4)Á¿¸Ü,,,
taste@(v.5)¹Á,,,
teach@(v.5)±Ğ,,,
tell@(v.4)§i¶D,,,
thank@(v.5)·PÁÂ,,,
think@(v.5)·Q,,,
throw@(v.5)§ë;©ß,,,
ticket@(v.6)¥[¼ĞÅÒ©ó;¶}¹H³W»@³æ,,,
tie@(v.3)¸j;Ã´,,,
time@(v.4)°O¿ı...ªº®É¶¡;¨Ï¦X©ç¤l,,,
tire@(v.4)¯h³Ò,,,
tool@(v.4)¨Ï¥Î¤u¨ã,,,
top@(v.3)¦V°ª³B¤É;¹F¨ì³»ÂI;°ª¥X;¶W¶V,,,
"total@(v.5)Á`­p,¦X­p",,,
touch@(v.5)Ä²ºN,,,
"toy@(v.3)ª±§Ë,À¸­A;½Õ±¡,½ÕÀ¸",,,
"train@(v.5)°V½m,°ö¾i;ºË·Ç; ±µ¨ü°V½m,ÁëÁå",,,
"trip@(v.4)²Ì,²Ì­Ë;¥¢¨¬,¥Ç¿ù»~;®È¦æ",,,
trouble@(v.7)³Â·Ğ;·Ğ´o;¶O¤ß,,,
"true@(v.4)°t·Ç,Â\¥¿",,,
try@(v.3)¸Õ°µ,,,
turn@(v.4)Âà,,,
understand@(v.10)¤F¸Ñ,,,
up@(v.2)´£°ª;¼W¥[;Á|°_;¬ğµM¯¸°_,,,
use@(v.3)§Q¥Î,,,
view@(v.4)¹î¬İ;±N...¬İ¦¨¬O,,,
visit@(v.5)³X°İ,,,
"voice@(v.5)(¥Î¨¥»y)ªí¹F,»¡¥X",,,
wait@(v.4)µ¥­Ô,,,
walk@(v.4)¨«¸ô,,,
wall@(v.4)¥ÎÀğ³ò¦í,,,
want@(v.4)·Q­n,,,
"war@(v.3)¾Ôª§,¥´¥M;°«ª§;¹ï§Ü",,,
warm@(v.4)¨Ï·x©M,,,
wash@(v.4)¬~,,,
waste@(v.5)®ö¶O,,,
watch@(v.5)ª`·N¬İ,,,
water@(v.5)µ¹...¼å¤ô;¥[¤ôµ}ÄÀ;¬y¤f¤ô,,,
"wear@(v.4)¬ïµÛ, ¿i·l, ¨Ï¤OºÜ",,,
weather@(v.7)¸g¨ü¨ì;¨Ï­·¤Æ;¿Æ¦â;·lÃa,,,
weekend@(v.7)«×¶g¥½,,,
weigh@(v.5)ºÙ...ªº­«¶q,,,
welcome@(v.7)Åwªï,,,
"while@(v.5)®ø¿i(®É¥ú),»´ÃP¦a«×¹L",,,"?´å²å®³åœ°"""
"will@(v.4)±N;Ä@,­n;¯à;Ä@·N",,,
win@(v.3)Ä¹±o,,,
"wind@(v.4)ÄñÂ¶;¥],»q;»dãé;¨±°j",,,
wine@(v.4)³Ü°s,,,
wish@(v.4)¯¬ºÖ,,,
word@(v.4)¥Î¨¥µüªí¹F,,,
work@(v.4)¤u§@; ¹BÂà,,,
worm@(v.4)Ä¯°Ê;¼ç¦æ;Æp¤J,,,
worry@(v.5)¾á¤ß,,,
"worst@(v.5)³ÌÃa¦a,³Ì´c¦H¦a;³Ì¤£§Q¦a",,,
write@(v.5)¼g,,,
"wrong@(v.5)­ŞªP,©e©};µLÂ§¦a¹ï«İ",,,
"yellow@(v.6)¨ÏÅÜ¶À,¨Ïµo¶À",,,
zero@(v.4)§â...½Õ¾ãÂk¹s,,,
can@(v.3)¯à,,,
cannot@(v.6)¤£¯à,,,
"do@(v.2)ºc¦¨§_©w¥y,ºÃ°İ¥y,©Î±j½Õ¥y",,,
have@(v.4)¤w¸g,,,
may@(v.3)¥i¯à,,,
must@(v.4)¥²¶·,,,
"need@(v.4)(¥Î©óºÃ°İ¥y©M§_©w¥y)»İ­n,¥²¶·",,,
shall@(v.5)±N;À³¸Ó,,,
will@(v.4)±N,,,
about@(adv.5)¦b¥|©P;¦bªşªñ;¤j¬ù,,,
above@(adv.5)¦b¤W­±;¦b¤W¤å;§ó°ª,,,
across@(adv.6)¾î¹L;¼e;¦b¹ï­±;¦V¹ï­±,,,
"after@(adv.5)¥H«á,¤§«á;¦b«á­±,ÀH«á",,,
again@(adv.5)¦A¤@¦¸,,,
ago@(adv.3)¥H«e,,,
ahead@(adv.5)¦b«e;¦V«e;¹w¥ı;¨Æ«e,,,
all@(adv.3)§¹¥ş¦a;(¤ñ¤Àµ¥)Âù¤è¬Ûµ¥,,,
almost@(adv.6)´X¥G,,,
alone@(adv.5)³æ¿W¦a;¿W¦Û¦a,,,
along@(adv.5)¦V«e;¤@°_;±aµÛ;¨Ó¨ì;¥h¨ì,,,
already@(adv.7)¤w¸g,,,
also@(adv.4)¤],,,
always@(adv.6)Á`¬O,,,
"any@(adv.3)(¥Î©óºÃ°İ¥y,§_©w¥y,if¤l¥y¤¤)¤Ö³\,µy·L",,,
"around@(adv.6)¨ì³B,¥|³B;©P³ò,ªşªñ;ÀôÂ¶;¤j¬ù",,,
"as@(adv.2)¸ò...¤@¼Ë¦a,¦P¼Ë¦a;¦p¦P;¨Ò¦p",,,
away@(adv.4)Â÷¶},,,
back@(adv.4)¦^­ì³B,,,
before@(adv.6)¸û¦­;¥H«e;´¿¸g;¦b«e;¦V«e,,,
behind@(adv.6)¦b­I«á;¦V­I«á;¿ğ;¸¨«á,,,
below@(adv.5)¦b¤U­±;¨ì¤U­±,,,
best@(adv.4)³Ì¦n¦a;³Ì¾A·í¦a;³Ì;·¥,,,
better@(adv.6)§ó¦n¦a;§ó¾A·í¦a,,,
between@(adv.7)¦b¤¤¶¡;¤¶¥G¨âªÌ¤§¶¡,,,
both@(adv.4)¨Ã;¤S;¨âªÌ¬Ò,,,
bright@(adv.6)©ú«G¦a;Åw§Ö¦a,,,
"but@(adv.3)¥u,¶È¶È,¤~;µ´¹ï¦a",,,
by@(adv.2)¸g¹L;¹L¥h;¦b®ÇÃä,,,
"clean@(adv.5)§¹¥ş¦a,¥şµM¦a;°®²b¦a",,,
"clear@(adv.5)²M´·¦a,©úÁA¦a",,,
"close@(adv.5)±µªñ,¾aªñ¦a;ºò±K¦a,ºòºò¦a",,,
"dear@(adv.4)¯k·R¦a;°ª»ù¦a,©ù¶Q¦a",,,
"deep@(adv.4)²`²`¦a;±ß,¿ğ",,,
direct@(adv.6)µ§ª½¦a;ª½±µ¦a;ª½¹F¦a,,,
"down@(adv.4)¦V¤U;¤U­°;(¹Òªp)ÅÜ®t;´î¤Ö,´î®z",,,
downstairs@(adv.10)¼Ó¤U¦a,,,
each@(adv.4)¦U­Ó(¦a);¦U¦Û(¦a);¨C¤@­Ó,,,
early@(adv.5)¦­;´£¦­,,,
east@(adv.4)¦VªF¤è,,,
either@(adv.6)¤],,,
"else@(adv.4)¨ä¥L,¥t¥~;§_«h,­n¤£µM",,,
"enough@(adv.6)¨¬°÷¦a;¥R¤À¦a;«Ü,¤Q¤À",,,
even@(adv.4)§Y¨Ï,,,
ever@(adv.4)±q¨Ó;´¿¸g,,,
far@(adv.3)»·;»»»·¦a;¤[»·¦a,,,
"fast@(adv.4)§Ö,¨³³t;ºòºò¦a,¨c©T¦a;±µªñµÛ",,,
fine@(adv.4)²Ó·L¦a;ºë¥©¦a;«Ü¦n¦a;§®,,,
"first@(adv.5)¥ı,­º¥ı;²Ä¤@;­º¦¸",,,
free@(adv.4)§K¶O¦a;µL¬ù§ô¦a;ÃP¶}µÛ;²æ¶}µÛ,,,
good@(adv.4)(«D¥¿¦¡) well,,,
half@(adv.4)³¡¤À¦a;¬Û·í¦a;¤@¥b¦a;´X¥G,,,
hard@(adv.4)¨¯­W¦a;²r¯P¦a;¨c©T¦a,,,
here@(adv.4)¦b³o¸Ì,,,
high@(adv.4)°ª;±j¯P¦a;°ªÁn¦a,,,
home@(adv.4)¦b®a;¦^®a;¨ì®a,,,
how@(adv.3)¦p¦ó,,,
in@(adv.2)¶i;¦b¸ÌÀY;¦b®a,,,
inside@(adv.6)¦b¸Ì­±;©¹¸Ì­±,,,
just@(adv.4)¥¿¦n;­è¤~,,,
last@(adv.4)³Ì«á¦a,,,
"late@(adv.4)¿ğ¨ì,¨Ó¤£¤Î;±ß",,,
least@(adv.5)³Ì¤p;³Ì¤Ö;³Ì¤£,,,
left@(adv.4)¦b¥ªÃä;¦V¥ª,,,
"less@(adv.4)¸û¤p¦a,¸û¤Ö¦a;¤£¦p",,,
light@(adv.5)»´¦a;»´¸Ë¦a,,,
likely@(adv.6)«Ü¥i¯à,,,
little@(adv.6)¤@ÂIÂI,,,
long@(adv.4)ªø¤[¦a;©l²×,,,
"loud@(adv.4)¤jÁn¦a,ÅT«G¦a",,,
"low@(adv.3)§C,¦V¤U¦a;§CÁn¦a;§C»ù¦a",,,
maybe@(adv.5)¥i¯à;¤]³\,,,
more@(adv.4)§ó¦h;¥t¥~;¦A,,,
"most@(adv.4)³Ì;³Ì¦h;«D±`,«Ü",,,
"much@(adv.4)«D±`;«Ü;®t¤£¦h,´X¥G",,,
near@(adv.4)ªñ¦a,,,
never@(adv.5)¥Ã¤£,,,
"next@(adv.4)±µ¤U¥h,µM«á;¤U¦¸;²Ä¤G",,,
no@(adv.2)¤£,,,
nope@(adv.4)(§_©wªºµª¸Ü)¤£¬O;¨S¦³;¤£¥i¥H,,,
north@(adv.5)¦V¥_¤è,,,
not@(adv.3)¤£,,,
now@(adv.3)²{¦b,,,
O.K.@(adv.4)©|¥i;®¼¦n;¹ï§a,,,
off@(adv.3)²æ¤U,,,
often@(adv.5)±`±`,,,
OK@(adv.2)©|¥i;®¼¦n;¹ï§a,,,
"okay@(adv.4)¹ï,«Ü¦n¦a;¤£¿ù",,,
on@(adv.2)Ä~Äò;¦V«e;¶}µÛ;;¦b¶i¦æ¤¤,,,
once@(adv.4)¤@¦¸,,,
"only@(adv.4)¥u,¶È¶È,¤~;¤£®Æ;¤Ï¦Ó",,,
out@(adv.3)¦b¥~¦a,,,
outside@(adv.7)¥~­±¦a,,,
"over@(adv.4)¦b¤W¤è;¶V¹L;¹L¤À,¤Ó;¦A¤@¦¸",,,
past@(adv.4)¹L;¸g¹L;¶V¹L,,,
perhaps@(adv.7)©Î³\;¥i¯à,,,
pretty@(adv.6)¤Q¤À¦a,,,
"quick@(adv.5)§Ö,¨³³t¦a",,,
quite@(adv.5)§¹¥ş¦a;¬Û·í,,,
right@(adv.5)¦V¥k¦a;°¨¤W,,,
"round@(adv.5)ÀôÂ¶¦a;´`Àô¦a;¦bªşªñ;³v¤@,®Á¦¸",,,
same@(adv.4)¦P¼Ë¦a,,,
"second@(adv.6)©~²Ä¤G¦ì;²Ä¤G,¨ä¦¸",,,
sharp@(adv.5)¾ã(«ü®É¨è);¾U§Q¦a;¾÷Äµ¦a,,,
"since@(adv.5)¦¹«á;¤§«e,¥H«e",,,
slow@(adv.4)ºCºC¦a;¿ğ¿ğ¦a;ºC¤F¦a,,,
"small@(adv.5)¤pÁn¦a;¤p¤p¦a,²Ó¤p¦a",,,"ä¸€é»é?;?‡åˆ»;ä½å?"""
so@(adv.2)³o»ò;¤]¦p¦¹,,,
sometimes@(adv.9)¦³®É­Ô,,,
soon@(adv.4)§Y¨è;¤£¤[,,,
south@(adv.5)¦V«n¤è,,,
still@(adv.5)¤´µM,,,
super@(adv.5)«Ü;·¥,,,
sure@(adv.4)ªº½T;¤@©w;·íµM,,,
"that@(adv.4)¨º¼Ë,¨º»ò",,,
then@(adv.4)·í®É;¤§«á;¨º»ò,,,
there@(adv.5)¦b¨º¸Ì,,,
third@(adv.5)²Ä¤T¦W,,,
"this@(adv.4)³o»ò,³o¼Ë¦a",,,
"though@(adv.6)(¤@¯ë©ñ¦b¥y§À)µM¦Ó,ÁÙ¬O",,,
"thus@(adv.4)¦p¦¹,³o¼Ë",,,
today@(adv.5)¤µ¤Ñ,,,
together@(adv.8)¤@¦P,,,
tomorrow@(adv.8)©ú¤Ñ,,,
tonight@(adv.7)¤µ©];¤µ±ß,,,
too@(adv.3)¤]¬O;¹L©ó,,,
true@(adv.4)·Ç½T¦a;¯u¹ê¦a,,,
twice@(adv.5)¨â¦¸,,,
"under@(adv.5)¦b¤U­±,¦b¤U¤è;±qÄİ¦a",,,
up@(adv.2)¦V¤W,,,
upstairs@(adv.8)¼Ó¤W¦a,,,
very@(adv.4)«Ü;«D±`,,,
well@(adv.4)«Ü¦n¦a;¥R¤À¦a,,,
west@(adv.4)¦V¦è¤è,,,
when@(adv.4)¦ó®É,,,
where@(adv.5)¦b­ş¨à,,,
why@(adv.3)¬°¤°»ò,,,
wide@(adv.4)±i±o(©Î¶}±o)«Ü¤j¦a;¥R¤À¦a,,,
"worse@(adv.5)§óÃa,§óÁV,§ó¼F®`¦a",,,
"worst@(adv.5)³ÌÃa¦a,³Ì´c¦H¦a;³Ì¤£§Q¦a",,,
"wrong@(adv.5)¿ù»~¦a;¨¸´c¦a,¤£¥¿·í¦a",,,
yeah@(adv.4)¬O,,,
yes@(adv.3)¬O,,,
yesterday@(adv.9)¬Q¤Ñ,,,
yet@(adv.3)©|¥¼;¦ı¬O,,,
about@(prep.5)¤j¬ù;Ãö©ó,,,
above@(prep.5)¦b¡K¤§¤W,,,
according to@(prep.12)®Ú¾Ú;«ö·Ó,,,
across@(prep.6)¾î¶V;¬ï¹L,,,
after@(prep.5)¦b¡K¤§«á,,,
against@(prep.7)¤Ï¹ï,,,
along@(prep.5)ªuµÛ,,,
among@(prep.5)¦b...¤§¤¤,,,
around@(prep.6)®t¤£¦h;ÀôÂ¶,,,
as@(prep.2)¥H¡Kªº¨­¥÷¡F§@¬°,,,
at@(prep.2)¦b,,,
before@(prep.6)¦b¡K¤§«e,,,
behind@(prep.6)¦b¡K«á­±,,,
below@(prep.5)¦b¡K¤§¤U,,,
beside@(prep.6)¦b...®Ç°¼,,,
between@(prep.7)¦b¡K©M¡K¤§¶¡,,,
but@(prep.3)°£...¥H¥~,,,
by@(prep.2)¸g¥Ñ,,,
down@(prep.4)¦V¤U,,,
during@(prep.6)¦b¡K´Á¶¡,,,
except@(prep.6)°£¡K¤§¥~,,,
excepting@(prep.9)°£...¤§¥~,,,
for@(prep.3)¬°¡K°µªº;µ¹,,,
from@(prep.4)±q,,,
in@(prep.2)¦b¡K¤§¤º,,,
inside@(prep.6)¦b¡K¸Ì­±,,,
into@(prep.4)¶i¤J,,,
less@(prep.4)´î¥h;¦©°£;®t...,,,
like@(prep.4)¹³;¦p,,,
near@(prep.4)±µªñ,,,
of@(prep.2)¡Kªº¡AÄİ©ó,,,
off@(prep.3)Â÷¥h,,,
on@(prep.2)¦b¡K¤W­±,,,
out@(prep.3)³q¹L...¦Ó¥X,,,
outside@(prep.7)¦b¥~,,,
over@(prep.4)¦b¡K¤§¤W,,,
past@(prep.4)¨«¹L,,,
"round@(prep.5)³òÂ¶,ÀôÂ¶;¦b...ªşªñ;¤j¬ù",,,
since@(prep.5)¥Ñ©ó;¦Û±q...¤§«á,,,
than@(prep.4)¤ñ; ¶W¹L,,,
till@(prep.4)ª½¨ì,,,
to@(prep.2)¨ì;¦V,,,
toward@(prep.6)¦V;¹ï,,,
"towards@(prep.7)¦V,´Â;­±¹ï;±Nªñ;¤j¬ù",,,
under@(prep.5)¦b¡K¤U­±,,,
until@(prep.5)ª½¨ì,,,
up@(prep.2)¦V...¤W,,,
with@(prep.4)¸ò...¦b¤@°_;¦³,,,
after@(conj.5)¦b...¤§«á,,,
and@(conj.3)©M¡F¤Î¡F¦Ó¡F´N,,,
as@(conj.2)¨Ì·Ó;·í...®É,,,
because@(conj.7)¦]¬°,,,
"before@(conj.6)¦b...¥H«e;»P¨ä...¹ç¥i;§_«h,­n¤£µM",,,
but@(conj.3)¦ı¬O,,,
either@(conj.6)©ÎªÌ(©Mor³s¥Î),,,
"for@(conj.3)¦]¬°,¥Ñ©ó",,,
if@(conj.2)¦pªG,,,
nor@(conj.3)¥ç¤£,,,
"once@(conj.4)¤@¥¹,¤@¸g...«K",,,
"only@(conj.4)¥i¬O,¤£¹L;­n¤£¬O,­Y«D",,,
or@(conj.2)©Î,,,
since@(conj.5)¦Û...¥H¨Ó;¦]¬°,,,
so@(conj.2)¦]¦¹,,,
than@(conj.4)¤ñ¸û,,,
that@(conj.4)¥H­P,,,
though@(conj.6)ÁöµM,,,
till@(conj.4)ª½¨ì...¬°¤î,,,
until@(conj.5)ª½¨ì...®É,,,
when@(conj.4)·í...®É;¬JµM;µM¦Ó,,,
where@(conj.5)¦b...³B;¨ì...ªº¦a¤è;...ªº¦a¤è,,,
whether@(conj.7)¬O§_,,,
while@(conj.5)·í...ªº®É­Ô,,,
yet@(conj.3)µM¦Ó,,,
"act@(n.3)¦æ°Ê,ªk®×",,,
action@(n.6)°Ê§@,,,
actor@(n.5)¨kºt­û,,,
actress@(n.7)¤kºt­û,,,
address@(n.7)¦a§}; ºt»¡,,,
adult@(n.5)¦¨¦~¤H,,,
afternoon@(n.9)¤U¤È;¤È«á,,,
age@(n.3)¦~ÄÖ,,,
agreement@(n.9)¦P·N,,,
air@(n.3)ªÅ®ğ,,,
airmail@(n.7)¯èªÅ¶l¥ó,,,
airplane@(n.8)­¸¾÷,,,
airport@(n.7)­¸¾÷³õ,,,
"all@(n.3)¥şÅé,¤@¤Á;¥ş³¡°]²£",,,
anger@(n.5)¥Í®ğ,,,
animal@(n.6)°Êª«,,,
answer@(n.6)µª®×,,,
ant@(n.3)¿ÂÃÆ,,,
ape@(n.3)¤jµVµV,,,
apple@(n.5)Ä«ªG,,,
April@(n.5)¥|¤ë,,,
area@(n.4)¦a°Ï;­±¿n,,,
arm@(n.3)¤âÁu,,,
army@(n.4)­x¶¤;¤j¸s,,,
art@(n.3)ÃÀ³N,,,
August@(n.6)¤K¤ë,,,
aunt@(n.4)«¼¶ı;©h¶ı,,,
auntie@(n.6)(aunt ªº¼ÊºÙ)§B¥À;ÂT¥À;©h¥À;«¼¥À;¸¤¥À,,,
aunty@(n.5)(aunt ªº¼ÊºÙ)§B¥À;ÂT¥À;©h¥À;«¼¥À;¸¤¥À,,,
autumn@(n.6)¬î©u,,,
baby@(n.4)À¦¨à,,,
back@(n.4)­I³¡;«á­±,,,
bag@(n.3)³U¤l,,,
ball@(n.4)²y,,,
balloon@(n.7)¨T²y,,,
banana@(n.6)­»¿¼,,,
band@(n.4)¼Ö¹Î;¼Ö¶¤,,,
bank@(n.4)»È¦æ;³ö;©¤,,,
"bar@(n.3)´Î,±ø;°s§a",,,
barber@(n.6)¨k²z¾v®v,,,
base@(n.4)°ò;©³;°ò³¡,,,
baseball@(n.8)´Î²y,,,
basket@(n.6)Äx¤l,,,
basketball@(n.10)Äx²y,,,
bat@(n.3)²y´Î;½¿½»,,,
bath@(n.4)¬~¾ş,,,
bathroom@(n.8)´Z©Ò;¯D«Ç,,,
beach@(n.5)®üÅy,,,
bear@(n.4)ºµ,,,
beat@(n.4)ºV¥´;ºVÀ»Án;¤ß¸õÁn;ºwµªÁn;©ç¤l,,,
beauty@(n.6)¬ü»ª;¬ü¤H,,,
bed@(n.3)§É,,,
bee@(n.3)»e¸Á,,,
bell@(n.4)¹a;ÄÁ,,,
best@(n.4)³Ì¦n;³Ì¨Î;³Ì¦n,,,
"better@(n.6)(¤H©Î¨Æª«)¸ûÀuªÌ,¸û¦nªÌ",,,
bicycle@(n.7)¸}½ñ¨®,,,
bike@(n.4)¸}½ñ¨®,,,
bird@(n.4)³¾,,,
birth@(n.5)¥X¥Í;°_·½,,,
"bit@(n.3)¤p¤ù,;¤Ö¶q,¤@ÂIÂI;¤ù¨è;¦ì¤¸",,,
"bite@(n.4)«r,¥m",,,
black@(n.5)¶Â¦â;¬ü°ê¶Â¤H,,,
block@(n.5)µó°Ï,,,
blood@(n.5)¦å,,,
"blow@(n.4)§j°Ê,§j®ğ;±j­·;§j¤û",,,
blue@(n.4)ÂÅ¦â,,,
boat@(n.4)¤p²î,,,
body@(n.4)¨­Åé,,,
bone@(n.4)°©ÀY,,,
book@(n.4)®Ñ¥»,,,
bottom@(n.6)©³³¡;§¾ªÑ,,,
bowl@(n.4)¸J,,,
box@(n.3)½c;²°;§X,,,
boy@(n.3)¨k«Ä,,,
bread@(n.5)ÄÑ¥],,,
break@(n.5)¼È°±,,,
breakfast@(n.9)¦­À\,,,
bridge@(n.6)¾ô,,,
brother@(n.7)¥S;§Ì,,,
brown@(n.5)´Ä¦â,,,
buck@(n.4)¶¯©Ê°Êª«(³À¡B¦Ï©Î¨ßµ¥),,,
bug@(n.3)¤pÂÎ,,,
building@(n.8)«Ø¿vª«,,,
bus@(n.3)¤½¨®,,,
butter@(n.6)¥¤ªo,,,
butterfly@(n.9)½¹½º,,,
buy@(n.3)ÁÊ¶R;«K©y³f,,,
bye@(n.3)¦¸­nªºªF¦è;(Åé¨|¤ñÁÉ¤¤)½üªÅ,,,
cab@(n.3)­pµ{¨®;¥X¯²°¨¨®,,,
cage@(n.4)³¾Å¢;Ã~Å¢,,,
cake@(n.4)³J¿|,,,
call@(n.4)©I¥s;½Ğ¨D;³q¸Ü;(¯ÈµP)¥sµP;§P¨M,,,
camel@(n.5)Àd¾m,,,
camera@(n.6)·Ó¬Û¾÷,,,
camp@(n.4)Àç¦a,,,
can@(n.3)ÅøÀY,,,
candy@(n.5)¿}ªG,,,
cap@(n.3)µLÃä«K´U;»\¤l,,,
car@(n.3)¨T¨®,,,
card@(n.4)¥d¤ù,,,
care@(n.4)¬İÅ@;«OÅ@;·Ó®Æ;ºŞ²z;ÃöÃh;¤p¤ß,,,
case@(n.4)²°¤l;®×¥ó,,,
cat@(n.3)¿ß,,,
"catch@(n.5)§ì¦í,®·®»;±µ²y;§â¤â;°é®M",,,
cause@(n.5)­ì¦];²z¥Ñ,,,
cent@(n.4)¤À(¿ú¹ô),,,
center@(n.6)¤¤¤ß(ÂI),,,
chance@(n.6)¾÷·|,,,
chart@(n.5)¹Ïªí,,,
chase@(n.5)°l³v;°lÀ»,,,
check@(n.5)¤ä²¼;¶R³æ,,,
chick@(n.5)¤pÂû,,,
chicken@(n.7)Âû;Âû¦×,,,
chief@(n.5)­º»â;ªø©x,,,
child@(n.5)¤p«Ä,,,
Christmas@(n.9)­C½Ï¸`,,,
church@(n.6)±Ğ°ó,,,
city@(n.4)³£¥«,,,
class@(n.5)¶¥¯Å;¯Z¯Å;¤W½Ò,,,
clean@(n.5)¥´±½;¥h«¯,,,
"climb@(n.5)Ãkµn,Ãkª¦",,,
clock@(n.5)ÄÁ,,,
"close@(n.5)µ²§ô,²×¤î;(ª÷¿Ä)¦¬½L»ù",,,
cloud@(n.5)¶³,,,
coast@(n.5)®ü©¤,,,
coat@(n.4)¥~®M,,,
cocoa@(n.5)¥i¥i¯»;¥i¥i¾ğ;¥i¥i¦â,,,
coffee@(n.6)©@°Ø,,,
Coke@(n.4)¥i¤f¥i¼Ö,,,
cola@(n.4)¥i¼Ö,,,
cold@(n.4)·P«_,,,
color@(n.5)ÃC¦â,,,
"common@(n.6)¤½¦@¥Î¦a,¤½¦³¦a",,,
cook@(n.4)¼p®v,,,
cookie@(n.6)»æ°®,,,
cooky@(n.5)cookie,,,
cool@(n.4)²D²n,,,
cop@(n.3)Äµ¹î,,,
corn@(n.4)¥É¦Ì,,,
cost@(n.4)¶O¥Î;¦¨¥»,,,
count@(n.5)­p¼Æ;­pºâ,,,
country@(n.7)°ê®a;¶m¤U,,,
course@(n.6)½Òµ{;¬ì¥Ø,,,
cover@(n.5)«Ê­±,,,
cow@(n.3)¥À¤û,,,
cowboy@(n.6)¤û¥J,,,
"crow@(n.4)¾~,¯Q¾~",,,
cry@(n.3)¥s³Û;©I¥s;(¤@°})­ú,,,
cub@(n.3)¥®ÄH;¤û´×,,,
cup@(n.3)ªM¤l,,,
cut@(n.3)¶Ë¤f;¨è²ª;«d´î;ªñ¸ô;Ãm½Ò,,,
dad@(n.3)¤÷¿Ë,,,
daddy@(n.5)¤÷¿Ë,,,
dance@(n.5)»R·|,,,
dancer@(n.6)»RÁĞºt­û;»RÁĞ®a,,,
danger@(n.6)¦MÀI,,,
"dark@(n.4)¶Â·t,·t³B;ÀÇ¬N;Áô±â",,,
date@(n.4)¤é´Á,,,
daughter@(n.8)¤k¨à,,,
day@(n.3)¥Õ¤Ñ;¤é,,,
deal@(n.4)¥æ©ö,,,
dear@(n.4)(±`§@ºÙ©I)¿Ë·Rªº(¤H),,,
death@(n.5)¦º¤`,,,
December@(n.8)¤Q¤G¤ë,,,
deer@(n.4)³À,,,
desk@(n.4)®Ñ®à,,,
"dig@(n.3)¨ë,ÂW,¸I;«õ­W",,,
dinner@(n.6)±ßÀ\,,,
dish@(n.4)½L¤l;¤@½Lµæ,,,
dog@(n.3)ª¯,,,
doll@(n.4)¬v«½«½,,,
dollar@(n.6)¬ü¤¸,,,
door@(n.4)ªù,,,
dove@(n.4)ÂF,,,
down@(n.4)¤U­°;¿½±ø;µ³¤ò;¦³¯ó¥C³®¦a,,,
downstairs@(n.10)¼Ó¤U,,,
dozen@(n.5)¤@¥´,,,
draw@(n.4)¥­§½;¥­¤â,,,
dream@(n.5)¹Ú,,,
drink@(n.5)¶¼®Æ,,,
drinking@(n.8)³Ü°s,,,
drive@(n.5)°Â­·;¨®µ{;·F«l;¤ñÁÉ,,,
driver@(n.6)¥q¾÷,,,
duck@(n.4)Àn,,,
duckling@(n.8)¤pÀn,,,
eagle@(n.5)¦ÑÆN,,,
ear@(n.3)¦Õ¦·,,,
earth@(n.5)¦a²y;¤g¦a,,,
"ease@(n.4)®e©ö;¤£¶O¤O;µÎ¾A;±y¶¢,©ñÃP,½w©M",,,
east@(n.4)ªF¤è,,,
edge@(n.4)Ãä½t;Àu¶Õ,,,
egg@(n.3)³J,,,
eight@(n.5)¤K,,,
eighteen@(n.8)¤Q¤K,,,
eighty@(n.6)¤K¤Q,,,
elephant@(n.8)¤j¶H,,,
eleven@(n.6)¤Q¤@,,,
end@(n.3)ºÉÀY;µ²§½,,,
English@(n.7)­^»y,,,
"enough@(n.6)¨¬°÷,¥R¤À",,,
equal@(n.5)¬Ûµ¥ªº¨Æª«;¬Ûµ¥ªº¼Æ¶q,,,
evening@(n.7)³Ä±ß,,,
exam@(n.4)¦Ò¸Õ,,,
"examination@(n.11)ÀË¬d,½Õ¬d",,,
example@(n.7)¨Ò¤l,,,
eye@(n.3)²´·ú,,,
face@(n.4)Áy,,,
fact@(n.4)¨Æ¹ê,,,
factory@(n.7)¤u¼t,,,
fall@(n.4)¬î¤Ñ,,,
family@(n.6)®a®x,,,
farm@(n.4)¹A³õ,,,
farmer@(n.6)¹A¤Ò,,,
"fat@(n.3)(°Ê,´Óª«)¯×ªÕ;ªo¯×",,,
father@(n.6)¤÷¿Ë,,,
fear@(n.4)Äß©È,,,
February@(n.8)¤G¤ë,,,
feed@(n.4)(°Êª«©ÎÀ¦¨àªº)¤@À\;¹}®Æ,,,
"feel@(n.4)Ä²Ä±;¤â·P;Ä²,ºN;·PÄ±,®ğª^",,,
feeling@(n.7)·PÄ±,,,
"feelings@(n.8)·PÄ±,Ä²Ä±",,,
fifteen@(n.7)¤Q¤­,,,
fifty@(n.5)¤­¤Q,,,
fight@(n.5)¥´¬[;¾Ô°«,,,
fill@(n.4)¶ñº¡ªº¶q;¸Ë¶ñª«,,,
final@(n.5)¨MÁÉ;´Á¥½¦Ò;(·í¤é³ø¯Èªº)¥½ª©,,,
find@(n.4)µo²{;µo²{ª«,,,
"fine@(n.4)¦n¤Ñ®ğ; »@ª÷,»@´Ú",,,
finger@(n.6)¤â«ü,,,
finish@(n.6)µ²§ô;(³Ã¨ãµ¥)¥½¹Dº£,,,
fire@(n.4)¤õ,,,
first@(n.5)²Ä¤@;²Ä¤@­Ó;²Ä¤@¦W;Àuµ¥;¶}©l;¶}©l®É¶¡,,,
fish@(n.4)³½,,,
five@(n.4)¤­,,,
floor@(n.5)¦aªO;¼Ó;«Ç¤º¦a¤W,,,
flower@(n.6)ªá,,,
fly@(n.3)»aÃÇ,,,
fog@(n.3)Ãú,,,ç©ºåœ°;?¬é?è³?
food@(n.4)­¹ª«,,,
foot@(n.4)¸};¤@¤Øªø,,,
force@(n.5)¤O¶q;¼É¤O,,,
forest@(n.6)´ËªL,,,
fork@(n.4)¤e¤l,,,
forty@(n.5)¥|¤Q,,,
four@(n.4)¥|,,,
fourteen@(n.8)¤Q¥|,,,
Friday@(n.6)¬P´Á¤­,,,
friend@(n.6)ªB¤Í,,,
frog@(n.4)«Cµì,,,
front@(n.5)«e¤è,,,
fruit@(n.5)¤ôªG,,,
fun@(n.3)¼Ö½ì,,,
game@(n.4)¤ñÁÉ;¹CÀ¸,,,
garden@(n.6)ªá¶é,,,
ghost@(n.5)°­,,,
gift@(n.4)Â§ª«,,,
girl@(n.4)¤k«Ä,,,
glass@(n.5)¬Á¼şªM;¬Á¼ş,,,
glasses@(n.7)²´Ãè,,,
go@(n.2)½ü¨ìªº¾÷·|;¹Á¸Õ,,,
god@(n.3)¤W«Ò,,,
goddess@(n.7)¤k¯«,,,
gold@(n.4)¶Àª÷,,,
good@(n.4)§Q¯q;¦n³B;ÀuÂI,,,
"good-by@(n.7)§i§O,¦A¨£,¹D§Oªº¸Ü",,,
good-bye@(n.8)§i§O,,,
goose@(n.5)ÃZ,,,
grandchild@(n.10)®]¤l;®]¤k;¥~®];¥~®]¤k,,,
granddaughter@(n.13)®]¤k;¥~®]¤k,,,
grandfather@(n.11)¯ª¤÷;¥~¯ª¤÷,,,
grandma@(n.7)¯ª¥À;¥~¯ª¥À,,,
grandmother@(n.11)¯ª¥À;¥~¯ª¥À,,,
grandpa@(n.7)¯ª¤÷;¥~¯ª¤÷,,,
grandson@(n.8)®]¤l;¥~®],,,
grass@(n.5)¯ó,,,
gray@(n.4)¦Ç¦â,,,
"great@(n.5)°¶¤H­Ì,¤j¤Hª«­Ì",,,
green@(n.5)ºñ¦â,,,
grey@(n.4)¦Ç¦â;·t²Hªº¥ú½u,,,
ground@(n.6)¦a­±,,,
group@(n.5)¤@¸s,,,
guess@(n.5)²q´ú,,,
guest@(n.5)«È¤H,,,
guide@(n.5)ÂQ¾É,,,
gun@(n.3)ºj,,,
hair@(n.4)ÀY¾v,,,
haircut@(n.7)²z¾v,,,
half@(n.4)¤@¥b,,,
ham@(n.3)¤õ»L,,,"ä¸Šæ¼²;ä¸Šå?"""
hand@(n.4)¤â,,,
hat@(n.3)´U¤l,,,
"hate@(n.4)¤³«ë,¼¨«ë;¹½´c",,,
head@(n.4)ÀY;­ºªø,,,
health@(n.6)°·±d,,,
heart@(n.5)¤ßÅ¦,,,
heat@(n.4)¼ö®ğ,,,
hello@(n.5)ªí¥Ü°İ­Ôªº¥sÁn,,,
"help@(n.4)À°§U;À°¤â,§U¤â",,,
here@(n.4)³o¸Ì;¤µ¥@,,,
high@(n.4)°ª¤ô·Ç;°ª®p;¤ÑªÅ,,,
hill@(n.4)¥C³®,,,
history@(n.7)¾ú¥v,,,
hit@(n.3)¥´À»;¦¨¥\¦Ó­·¦æ¤@®Éªº¨Æª«;¦w¥´,,,
"hold@(n.4)§ì¦í,´¤¦í;©µ¿ğ;©µ´Á;¯ÔÀÁ",,,
hole@(n.4)¬},,,
holiday@(n.7)°²¤é,,,
home@(n.4)®a,,,
homework@(n.8)®a®x§@·~,,,
"hope@(n.4)§Æ±æ,´Á±æ",,,
horse@(n.5)°¨,,,
hour@(n.4)¤p®É,,,
house@(n.5)©Ğ¤l,,,
human@(n.5)¤H,,,
hundred@(n.7)¤@¦Ê,,,
hurt@(n.4)(ºë¯«¤Wªº)³Ğ¶Ë;¶Ë;µh,,,
husband@(n.7)¤V¤Ò,,,
ice@(n.3)¦B,,,
idea@(n.4)¥D·N,,,
inch@(n.4)­^¦T,,,
"inside@(n.6)¤º³¡,¸Ì­±;¤º¹õ",,,
interest@(n.8)¿³½ì,,,
iron@(n.4)ÅK;¼÷¤æ,,,
January@(n.7)¤@¤ë,,,
job@(n.3)Â¾·~;¤u§@,,,
join@(n.4)±µ¦XÂI;±µ³s³B,,,
joke@(n.4)¯º¸Ü,,,
joy@(n.3)Åw³ß;¼Ö½ì,,,
juice@(n.5)ªG¥Ä,,,
July@(n.4)¤C¤ë,,,
jump@(n.4)¸õÅD;¼Éº¦,,,
June@(n.4)¤»¤ë,,,
"keep@(n.4)¥Í¬¡¶O,¥Í­p",,,
keeper@(n.6)«OºŞ¤H;¦u½Ã,,,
key@(n.3)Æ_°Í,,,
"kick@(n.4)½ğ;¤Ï½Ä,«á®y¤O;¨ë¿E,§Ö·P",,,
kid@(n.3)¤p«Ä,,,
kill@(n.4)ÂyÀòª«;±O±ş,,,
kind@(n.4)ºØÃş,,,
king@(n.4)°ê¤ı,,,
kiss@(n.4)§k,,,
kitchen@(n.7)¼p©Ğ,,,
kite@(n.4)­·ºå,,,
kitten@(n.6)¤p¿ß,,,
kitty@(n.5)¤p¿ß,,,
knee@(n.4)½¥»\,,,
knife@(n.5)¤M¤l,,,
lack@(n.4)¯Ê¥F,,,
lady@(n.4)²Q¤k,,,
lake@(n.4)´ò,,,
lamb@(n.4)¤p¦Ï,,,
lamp@(n.4)¿O,,,
land@(n.4)³°¦a,,,
last@(n.4)³Ì«áªº¤H(©ÎªF¦è);³Ì«á;¤W¦^,,,
"laugh@(n.5)¯º,¯ºÁn",,,
law@(n.3)ªk«ß,,,
leader@(n.6)»â³S,,,
leaf@(n.4)¾ğ¸­,,,
leave@(n.5)­ã°²;¥ğ°²,,,
"left@(n.4)¥ª,¥ªÃä;¿E¶i¤À¤l­Ì",,,
leg@(n.3)»L,,,
lesson@(n.6)½Ò;±Ğ°V,,,
letter@(n.6)«H;¦r¥À,,,
level@(n.5)¤ô¥­½u,,,
lie@(n.3)ÁÀ¨¥,,,
life@(n.4)¤H¥Í;¥Í©R,,,
"lift@(n.4)´£,¦Q,¤É;¹ª»R",,,
light@(n.5)¥ú½u;¿O,,,
like@(n.4)·R¦n,,,
lily@(n.4)¦Ê¦Xªá,,,
line@(n.4)½u;¶¤¥î,,,
lion@(n.4)·à¤l,,,
lip@(n.3)¼L®B,,,
list@(n.4)³æ¤l,,,
little@(n.6)¨S¦³¦h¤Ö;µu®É¶¡;µu¶ZÂ÷,,,
look@(n.4)¬İ;¿h;Áy¦â;²´¯«;ªí±¡,,,
"lot@(n.3)«Ü¦h,¦h¼Æ;¤@§å;¤@¶ô¦a",,,
love@(n.4)·R,,,
"low@(n.3)§C¤ô¥­,§CÂI;;§C³t",,,
lunch@(n.5)¤ÈÀ\,,,
"luncheon@(n.8)¤ÈÀ\,(¥¿¦¡ªº)¤ÈÀ\·|",,,
ma@(n.2)¶ı,,,
machine@(n.7)¾÷¾¹,,,
mail@(n.4)«H¥ó,,,
mama@(n.4)(¨à»y)¶ı¶ı,,,
mamma@(n.5)mama,,,
man@(n.3)¨k¤H; ¤HÃş,,,
map@(n.3)¦a¹Ï,,,
market@(n.6)¥«³õ,,,
master@(n.6)¥D¤H,,,
matter@(n.6)¨Æ±¡,,,
May@(n.3)¤­¤ë,,,
meat@(n.4)¦×Ãş,,,
meet@(n.4)¶°·|;ÄvÁÉ¤j·|,,,
middle@(n.6)¤¤¥¡,,,
mile@(n.4)­^­ù,,,
milk@(n.4)¤û¥¤,,,
mind@(n.4)¤ß´¼,,,
minute@(n.6)¤ÀÄÁ,,,
miss@(n.4)¤Ö¤k,,,
mistake@(n.7)¿ù»~,,,
mister@(n.6)¥ı¥Í,,,
mom@(n.3)¥À¿Ë,,,
moment@(n.6)¤ù¨è,,,
mommy@(n.5)¥À¿Ë,,,
Monday@(n.6)¬P´Á¤@,,,
money@(n.5)¿ú,,,
monkey@(n.6)µU¤l,,,
month@(n.5)¤ë¥÷,,,
moon@(n.4)¤ë«G,,,
morning@(n.7)¦­±á,,,
mother@(n.6)¥À¿Ë,,,
mountain@(n.8)¤s,,,
mouse@(n.5)¦Ñ¹«; ·Æ¹«,,,
mouth@(n.5)¼L¤Ú,,,
movement@(n.8)°Ê§@,,,
movie@(n.5)¹q¼v,,,
mud@(n.3)ªd¤Ú,,,
mug@(n.3)(¦³¬`)¤jªM¤l,,,
mummy@(n.5)¤ì¤D¥ì;(¨à»y)¶ı¶ı,,,
music@(n.5)­µ¼Ö,,,
must@(n.4)¥²¶·°µªº¨Æ;¤£¥i¤Öªº¨Æª«,,,
name@(n.4)¦W¦r,,,
nation@(n.6)°ê®a,,,
nature@(n.6)¦ÛµM,,,
neck@(n.4)²ä¤l,,,
need@(n.4)»İ­n;»İ¨D;³h½a,,,
news@(n.4)·s»D,,,
newspaper@(n.9)³ø¯È,,,
night@(n.5)©]±ß,,,
nine@(n.4)¤E,,,
nineteen@(n.8)¤Q¤E,,,
ninety@(n.6)¤E¤Q,,,
no@(n.2)¤£;¨S¦³;©Úµ´;¤Ï¹ï²¼,,,
noise@(n.5)¾¸­µ,,,
noon@(n.4)¤¤¤È,,,
north@(n.5)¥_¤è,,,
nose@(n.4)»ó¤l,,,
note@(n.4)µ§°O;­µ²Å;°O¿ı;«K±ø,,,
nothing@(n.7)µL¨Æ;µLª«;¨S¤°»ò,,,
notice@(n.6)ª`·N;³qª¾,,,
November@(n.8)¤Q¤@¤ë,,,
"now@(n.3)²{¦b,¥Ø«e,¦¹¨è",,,
number@(n.6)¸¹½X;¼Æ¦r,,,
nurse@(n.5)Å@¤h,,,
"O.K.@(n.4)»{¥i,§å­ã",,,
ocean@(n.5)®ü¬v,,,
o'clock@(n.7)ÂIÄÁ,,,
October@(n.7)¤Q¤ë,,,
office@(n.6)¿ì¤½«Ç,,,
officer@(n.7)­x©x;©x­û,,,
oil@(n.3)ªo,,,
"OK@(n.2)»{¥i,§å­ã",,,
okay@(n.4)¦P·N;§å­ã,,,
"once@(n.4)¤@¦¸,¤@¦^",,,
one@(n.3)¤@;¤@­Ó¤H;¤@¥ó¨Æª«,,,
"open@(n.4)¤á¥~,³¥¥~;Ãm³¥,ªÅ¦a;¤½¶}ÁÉ",,,
orange@(n.6)¬h¾í;¾í¦â,,,
order@(n.5)©w³æ,,,
out@(n.3)°UÃã;(´Î²yµ¥)¥X§½,,,
"outside@(n.7)¥~­±,¥~³¡;¥~°¼;¥~ªí",,,
pa@(n.2)ª¨,,,
page@(n.4)­¶,,,
"paint@(n.5)ªoº£,¶î®Æ",,,
pair@(n.4)¤@°Æ,,,
pants@(n.5)¿Ç¤l,,,
papa@(n.4)ª¨ª¨,,,
paper@(n.5)¯È±i,,,
parent@(n.6)Âù¿Ë¤§¤@,,,
park@(n.4)¤½¶é,,,
part@(n.4)³¡¥÷,,,
party@(n.5)¬£¹ï,,,
pass@(n.4)³q¦æÃÒ;Å@·Ó;¤Î®æ;¶Ç²y°Ê§@;¤s¹i,,,
"past@(n.4)¹L¥h,©õ¤é;©¹¨Æ;¸g¾ú;¹L¥h¦¡",,,
"payment@(n.7)¤ä¥I,¥I´Ú",,,"ç¥ˆé?"""
pen@(n.3)­ì¤lµ§;¾¥¤ôµ§,,,
pencil@(n.6)¹]µ§,,,
people@(n.6)¤H­Ì,,,
person@(n.6)¤H,,,
pet@(n.3)Ãdª«,,,
piano@(n.5)¿ûµ^,,,
picture@(n.7)¹Ïµe;·Ó¤ù,,,
pie@(n.3)¬£(­¹«~),,,
piece@(n.5)¥ó;¤ù,,,
pig@(n.3)½Ş,,,
place@(n.5)¦a¤è,,,
plan@(n.4)­pµe,,,
plane@(n.5)­¸¾÷,,,
"plant@(n.5)´Óª«,¹A§@ª«;¤u¼t",,,
play@(n.4)¹CÀ¸;À¸¼@,,,
player@(n.6)¹CÀ¸ªÌ;¹B°ÊªÌ;ªíºtªÌ,,,
playground@(n.10)¹C¼Ö³õ;¹B°Ê³õ,,,
pocket@(n.6)¤f³U,,,
"poetry@(n.6)¸Ö,¸Öºq,Ãı¤å",,,
point@(n.5)ÂI;­nÂI,,,
police@(n.6)Äµ¹î,,,
"policeman@(n.9)Äµ¹î,Äµ­û",,,
pond@(n.4)¦À¶í,,,
pool@(n.4)¤ô¦À;¬ü¦¡¼²²y,,,
pop@(n.3)¯yªº¤@Án,,,
popcorn@(n.7)Ãz¦Ìªá,,,
position@(n.8)¦ì¸m,,,
power@(n.5)Åv¤O;°Ê¤O,,,
practice@(n.8)½m²ß,,,
price@(n.5)»ù¿ú,,,
print@(n.5)¹Ï¤ù¦L¨ê«~;¥Xª©ª«,,,
problem@(n.7)°İÃD,,,
"public@(n.6)¤½²³,¥Á²³",,,
"pull@(n.4)©Ô,©ì",,,
purple@(n.6)µµ¦â,,,
purpose@(n.7)¥Øªº,,,
push@(n.4)±À;±À¶i;¾Äµo;ºò­¢,,,
queen@(n.5)¬Ó¦Z,,,
question@(n.8)°İÃD,,,
quiet@(n.5)¦wÀR;±IÀR;¦wÃ­;©M¥­,,,
race@(n.4)ÄvÁÉ;(¥Íª«ªº)ºØÃş,,,
radio@(n.5)¦¬­µ¾÷,,,
railroad@(n.8)ÅK¸ô,,,
rain@(n.4)«B,,,
rainbow@(n.7)±m­i,,,
raise@(n.5)¥[Á~;½äª`¥[½X,,,
rat@(n.3)¦Ñ¹«,,,
reach@(n.5)¥i¤Î¤§½d³ò,,,
reason@(n.6)²z¥Ñ,,,
red@(n.3)¬õ¦â,,,
report@(n.6)³ø§i,,,
rest@(n.4)¥ğ®§;ÀR¤î;¦w®§;¥ğ¤î²Å;¨ä¾l,,,
return@(n.6)¦^µª;¦¬¯q;§Q®§;¨Ó¦^²¼;°h³f,,,
rice@(n.4)½_¦Ì;¶º,,,
ride@(n.4)·f­¼;°Â­·,,,
right@(n.5)¤½²z;Åv§Q,,,
ring@(n.4)«üÀô;¹aÁn,,,
"rise@(n.4)(¼Æ¶q,µ{«×µ¥)¼W¥[,¤Wº¦;¤W¤É",,,
river@(n.5)ªe¬y,,,
road@(n.4)¹D¸ô,,,
robot@(n.5)¾÷¾¹¤H,,,
rock@(n.4)©¥¥Û;·nºu¼Ö,,,
roof@(n.4)«Î³»,,,
room@(n.4)©Ğ¶¡,,,
rooster@(n.7)¶¯Âû;¨g¦k¦Û­tªº¤H,,,
root@(n.4)®Ú,,,
rope@(n.4)²ÊÃ·,,,
rose@(n.4)ª´ºÀ,,,
"round@(n.5)¤@½ü,¤@¦^¦X,¤@³õ,¤@§½;¶ê§Îª«",,,
row@(n.3)¦æ¦C,,,
"rub@(n.3)¼¯À¿,À¿;ªıÃø;ºÃÃøÂI",,,
rubber@(n.6)¾ó½¦,,,
rule@(n.4)³W«h,,,
safe@(n.4)«OÀI½c,,,
"sail@(n.4)¦|,ÁO;¦|ª¬ª«;²î°¦",,,
sale@(n.4)°â½æ;½â½æ,,,
salt@(n.4)ÆQ,,,
sand@(n.4)¨F,,,
Saturday@(n.8)¬P´Á¤»,,,
saw@(n.3)¿÷¤l;¿÷±ø,,,
scare@(n.5)Åå®£;ÅåÀ~,,,
scene@(n.5)´º¦â;³õ­±,,,
school@(n.6)¾Ç®Õ,,,
sea@(n.3)®ü,,,
season@(n.6)©u¸`,,,
seat@(n.4)®y¦ì,,,
second@(n.6)²Ä¤G;¬í,,,
seed@(n.4)ºØ¤l,,,
seesaw@(n.6)ÃßÃßªO,,,
"self@(n.4)¦Û¨­,¦Û¤v;¦Û§Ú",,,
sense@(n.5)·P©x;©x¯à,,,
sentence@(n.8)¥y¤l,,,
September@(n.9)¤E¤ë,,,
service@(n.7)ªA°È,,,
set@(n.3)®M;²Õ,,,
seven@(n.5)¤C,,,
seventeen@(n.9)¤Q¤C,,,
seventy@(n.7)¤C¤Q,,,
shake@(n.5)·n°Ê;¥¤©õ,,,
shape@(n.5)§Îª¬,,,
shark@(n.5)ÃT³½,,,
sheep@(n.5)ºø¦Ï,,,
sheet@(n.5)¤@±i(¯È);§É³æ,,,
"shine@(n.5)¥ú,¥ú«G;¥ú¿A;À¿«G;¶§¥ú,´¸¤Ñ",,,
ship@(n.4)²î,,,
shirt@(n.5)Å¨­m,,,
shoe@(n.4)¾c¤l,,,
shop@(n.4)°Ó©±,,,
shore@(n.5)©¤Ãä,,,
"shot@(n.4)®gÀ»,¶}ºj;§ëÄx;©çÄá",,,
shoulder@(n.8)ªÓ»H,,,
shout@(n.5)©I³Û;³Û¥sÁn,,,
show@(n.4)®iÄı;¹q¼v,,,
side@(n.4)Ãä,,,
sight@(n.5)µø¤O;´º¶H,,,
silver@(n.6)»È,,,
singer@(n.6)ºq¤â,,,
sir@(n.3)¥ı¥Í,,,
sister@(n.6)©n©f,,,
six@(n.3)¤»,,,
sixteen@(n.7)¤Q¤»,,,
sixty@(n.5)¤»¤Q,,,
size@(n.4)¤j¤p;¤Ø¤o,,,
skill@(n.5)§Ş¯à,,,
skin@(n.4)¥Ö½§,,,
sky@(n.3)¤ÑªÅ,,,
sleep@(n.5)ºÎ¯v;¦º¤`;¥V¯v,,,
small@(n.5)²Ó¤pªº³¡¤À;¤p¥óª««~,,,
"smell@(n.5)®ğ¨ı;­»¨ı;¯ä¨ı;¶åÄ±;¤@¶å,¤@»D;¤Ö³\;¸ñ¶H,¼vÂÜ",,,
smile@(n.5)·L¯º,,,
smoke@(n.5)·Ï,,,
snake@(n.5)³D,,,
snow@(n.4)³·,,,
soap@(n.4)ªÎ¨m,,,
soda@(n.4)Ä¬¥´;¨T¤ô,,,
sofa@(n.4)¨Fµo,,,
"soil@(n.4)¤g,ªd¤g,¤gÄ[",,,
someone@(n.7)¬Y¤H;¦³¦W®ğªº¤H,,,
something@(n.9)¬Y¤H;¬Y¨Æ;­«­nªº¤H(©Î¨Æª«);,,,
son@(n.3)¨à¤l,,,
song@(n.4)ºq¦±,,,
soul@(n.4)ÆF»î,,,
sound@(n.5)Án­µ,,,
soup@(n.4)´ö,,,
sour@(n.4)»Ä¨ı;»ÄªºªF¦è,,,
south@(n.5)«n¤è,,,
space@(n.5)ªÅ¦ì;¤ÓªÅ,,,
speech@(n.6)¨¥½×;ºtÁ¿,,,
spoon@(n.5)´ö°Í,,,
sport@(n.5)®ø»º;¹B°Ê;¬ğÅÜ,,,
stair@(n.5)±è¯Å;¼Ó±è,,,
"stand@(n.5)Åu¤l;°±¤î,¯¸¥ß¡F ¥ß³õ;ºA«×",,,
star@(n.4)¬P¬P;©ú¬P,,,
start@(n.5)¥Xµo;¶}ºİ;±Ò°Ê,,,
state@(n.5)ª¬ºA¡F¬ü°êªº¦{,,,
"statement@(n.9)³¯­z,»¡©ú;µ²³æ",,,
station@(n.7)¨®¯¸;³õ©Ò,,,
"stay@(n.4)°±¯d,³r¯d;°±¤î;©µ«á;«ùÄò¤O",,,
step@(n.4)¨B;»O¶¥,,,
stone@(n.5)¥ÛÀY,,,
stop@(n.4)¨®¯¸,,,
store@(n.5)°Ó©±,,,
story@(n.5)¬G¨Æ;¼Ó¼h,,,
street@(n.6)µó¹D,,,
student@(n.7)¾Ç¥Í,,,
study@(n.5)®Ñ©Ğ,,,
sugar@(n.5)¿},,,
summer@(n.6)®L¤Ñ,,,
sun@(n.3)¤Ó¶§,,,
Sunday@(n.6)¬P´Á¤é,,,
supper@(n.6)±ßÀ\,,,
surprise@(n.8)·N¥~¤§¨Æª«,,,
"sweet@(n.5)(À\«áªº)²¢ÂI;(¥Î§@ºÙ©I»y)¿Ë·Rªº,Ä_¨©",,,
"swim@(n.4)´åªa;·w¯t,²´ªá;¼é¬y",,,
"table@(n.5)®à¤l;ªí,¥Ø¿ı",,,
tail@(n.4)§À¤Ú,,,
"tale@(n.4)¬G¨Æ,¶Ç»¡;ÁÀ¸Ü",,,
talk@(n.4)½Í¸Ü;¥æ½Í;ªÅ¸Ü;¸ÜÃD;½Í§P,,,
"taste@(n.5)¨ı¹D,´ş¨ı;ÅéÅç;­·¶®;±oÅé;¿³½ì",,,
taxi@(n.4)­pµ{¨®,,,
taxicab@(n.7)­pµ{¨®,,,
tea@(n.3)¯ù,,,
teacher@(n.7)¦Ñ®v,,,
ten@(n.3)¤Q,,,
thank@(n.5)·PÁÂ;ÁÂ·N;ÁÂÃã,,,
"then@(n.4)¨º®É,·í®É",,,
"there@(n.5)¨º­Ó¦a¤è,¨º¸Ì",,,
thing@(n.5)¨Æª«;ªF¦è,,,
third@(n.5)²Ä¤T;¤T¤À¤§¤@,,,
thirteen@(n.8)¤Q¤T,,,
thirty@(n.6)¤T¤Q,,,
thought@(n.7)«ä·Q,,,
thousand@(n.8)¤d,,,
three@(n.5)¤T,,,
throw@(n.5)§ëÂY;©Ü¤y;(¨Fµoµ¥ªº)¸n³æ,,,
Thursday@(n.8)¬P´Á¥|,,,
ticket@(n.6)²¼;»@³æ,,,
tie@(n.3)µ²;»â±a;¥­¤â,,,
tiger@(n.5)¦Ñªê,,,
time@(n.4)®É¶¡;¦¸¼Æ,,,
tire@(n.4)½ü­L,,,
today@(n.5)¤µ¤Ñ,,,
tomorrow@(n.8)©ú¤Ñ,,,
"tone@(n.4)­µ¦â,­µ½Õ;¦â½Õ",,,
tonight@(n.7)¤µ©];¤µ±ß,,,
tool@(n.4)¤u¨ã,,,
top@(n.3)³»³¡; ªûÁ³,,,
total@(n.5)Á`ÃB,,,
"touch@(n.5)Ä²,¸I;±µÄ²;¼í¦â;¯Sªø,¤~¯à;¤Ö³\",,,
town@(n.4)«°¥«,,,
toy@(n.3)ª±¨ã,,,
train@(n.5)¤õ¨®,,,
tree@(n.4)¾ğ¤ì,,,
trip@(n.4)®È¦æ,,,
trouble@(n.7)³Â·Ğ,,,
try@(n.3)¹Á¸Õ;§V¤O,,,
T-shirt@(n.7)µu³S¶ê»â¹B°Ê­m,,,
Tuesday@(n.7)¬P´Á¤G,,,
turn@(n.4)½ü¨ì,,,
twelve@(n.6)¤Q¤G,,,
twenty@(n.6)¤G¤Q,,,
two@(n.3)¤G,,,
uncle@(n.5)¨û¨û,,,
unit@(n.4)³æ¦ì;³æ¤¸;²Õ¥ó,,,
up@(n.2)¤W¤É;¨«¹B,,,
upstairs@(n.8)¼Ó¤W,,,
use@(n.3)¥Î³~,,,
vegetable@(n.9)½­µæ,,,
view@(n.4)µø¤O;µø³¥;¬İªk,,,
visit@(n.5)³X°İ,,,
voice@(n.5)(¤Hªº)Án­µ,,,
wait@(n.4)µ¥«İ;µ¥«İªº®É¶¡,,,
walk@(n.4)´²¨B;¤H¦æ¹D;¥|Ãa²y«O°e¤W¤@ÂS,,,
wall@(n.4)Àğ,,,
want@(n.4)»İ­nªºªF¦è;¥²»İ«~;¯Ê¥F;¹¼¥F,,,
war@(n.3)¾Ôª§,,,
"warm@(n.4)·x©Mªº¦a¤è;¨ú·x,¥[¼ö",,,
warming@(n.7)·x©M¡F¥[·Å,,,
"wash@(n.4)¬~,¬~º°;­n¬~ªº(¬~¦nªº)¦çªA",,,
waste@(n.5)®ö¶O,,,
watch@(n.5)¤â¿ö,,,
water@(n.5)¤ô,,,
way@(n.3)¤èªk;¸ô,,,
wear@(n.4)¬ï;À¹;¨Ø;¿i·l,,,
weather@(n.7)¤Ñ®ğ,,,
wedding@(n.7)±BÂ§,,,
Wednesday@(n.9)¬P´Á¤T,,,
week@(n.4)¬P´Á,,,
weekend@(n.7)©P¥½,,,
weight@(n.6)­«¶q,,,
"welcome@(n.7)Åwªï,´Ú«İ;ÅwªïÃã",,,
"well@(n.4)¤«,¤ô¤«;±Ä¥ú¤«;³q­·¤«",,,
west@(n.4)¦è¤è,,,
"where@(n.5)­ş¸Ì,¦ó³B; ¦aÂI",,,
while@(n.5)¤@·|¨à,,,
white@(n.5)¥Õ¦â,,,
"whole@(n.5)¥ş³¡,¥şÅé;¾ãÅé",,,
"why@(n.3)­ì¦],²z¥Ñ;Ãø¸Ñªº°İÃD,Á¼",,,
"wide@(n.4)¬n²y,Ãa²y",,,
wife@(n.4)©d¤l,,,
will@(n.4)·N§Ó;¨M¤ß;¿òÅñ,,,
"win@(n.3)Àò³Ó,¦¨¥\,Ä¹;Ä¹±oª«",,,
wind@(n.4)­·,,,
window@(n.6)µ¡¤á,,,
wine@(n.4)¸²µå°s,,,
winter@(n.6)¥V¤Ñ,,,
"wish@(n.4)§Æ±æ,Ä@±æ;¯¬ºÖ,¬è¹|",,,
woman@(n.5)¤k¤H,,,
wood@(n.4)¤ì§÷,,,
word@(n.4)¦r,,,
"work@(n.4)¤u§@,§@«~",,,
worker@(n.6)¤u¤H,,,
world@(n.5)¥@¬É,,,
worm@(n.4)Ä¯ÂÎ,,,
worry@(n.5)·Ğ´o;µJ¼{;¾á¤ß,,,
worse@(n.5)§óÁVªº¨Æ,,,
worst@(n.5)³ÌÃaªÌ;³ÌÃaªº³¡¤À;³ÌÃaªº±¡ªp,,,
writer@(n.6)§@®a,,,
"wrong@(n.5)¿ù»~;¤£¹D¼w;¹Hªk,¥Ç¸o;Ãa¨Æ",,,
Xmas@(n.4)­C½Ï¸` (=Christmas),,,
yam@(n.3)¤s¨¡Ãş´Óª«,,,
year@(n.4)¦~,,,
yellow@(n.6)¶À¦â,,,
"yes@(n.3)ªÖ©wªº¦^µª,¦P·N;ÃÙ¦¨²¼",,,
yesterday@(n.9)¬Q¤Ñ;©¹©õ,,,
young@(n.5)«C¦~­Ì;Âú,,,
zero@(n.4)¹s,,,
zoo@(n.3)°Êª«¶é,,,
